Id,SalePrice
1,162838.4375
2,139903.71875
3,251450.671875
4,266177.3125
5,181863.40625
6,181604.203125
7,172465.734375
8,125881.7578125
9,216225.140625
10,149290.078125
11,123216.34375
12,174601.921875
13,155250.96875
14,110831.703125
15,272401.75
16,249352.53125
17,187956.484375
18,185622.15625
19,185005.484375
20,187183.078125
21,134031.140625
22,115949.1328125
23,122116.5390625
24,318577.9375
25,155727.125
26,153651.46875
27,191323.921875
28,203847.765625
29,222557.9375
30,127130.40625
31,150860.703125
32,151461.296875
33,169661.390625
34,197327.734375
35,176423.5625
36,172560.78125
37,172215.421875
38,178183.140625
39,226037.5
40,153068.796875
41,202472.3125
42,233113.546875
43,181907.90625
44,242311.15625
45,185297.796875
46,159141.46875
47,174774.109375
48,168048.5
49,142067.421875
50,168851.265625
51,200654.359375
52,129290.3359375
53,214846.59375
54,140842
55,211792.578125
56,184295.28125
57,232728.421875
58,134933.109375
59,233403.703125
60,144976.609375
61,207611.21875
62,136120.078125
63,172204.75
64,183809.578125
65,101040.1796875
66,173612.890625
67,153193.6875
68,173508.453125
69,119281.4921875
70,111460.1328125
71,155534.109375
72,183589.96875
73,161925.953125
74,187043.296875
75,220388.75
76,151781.484375
77,157745.125
78,161217.78125
79,186853.734375
80,205066.40625
81,214753.40625
82,163356.9375
83,181650.359375
84,197489.328125
85,174636.8125
86,204559.9375
87,120086.765625
88,208186.03125
89,130945.15625
90,171649.203125
91,197667.640625
92,232656.453125
93,181083.671875
94,183014.0625
95,185585.0625
96,173455.15625
97,128127.046875
98,220170.90625
99,183881.390625
100,138594.21875
101,153967.125
102,149581.328125
103,181572.796875
104,228872.546875
105,179733.84375
106,178704.984375
107,207026.328125
108,202077.890625
109,209453.109375
110,136748.640625
111,183689.875
112,172170.875
113,150404.953125
114,146592.609375
115,187159.375
116,248452.390625
117,168580.84375
118,123017.796875
119,373554.125
120,179895.765625
121,195067.640625
122,162733.796875
123,166308.609375
124,158115.21875
125,213258.5
126,168316.734375
127,251554.609375
128,129896.046875
129,236829.1875
130,261776.9375
131,158416.84375
132,191263.234375
133,174448
134,135662.640625
135,121776
136,211070.296875
137,197757.296875
138,195104.015625
139,189508.953125
140,194918.3125
141,144693.84375
142,180279.84375
143,226021.359375
144,155341.28125
145,157596.53125
146,221422.359375
147,221201.140625
148,176429.265625
149,164073.125
150,156673.828125
151,124549.1171875
152,193729.234375
153,193231.671875
154,330360.46875
155,187225.15625
156,155538.328125
157,161482.703125
158,143055.375
159,138244.015625
160,189260.796875
161,155707.25
162,194181.34375
163,170452.1875
164,270930.53125
165,142303.1875
166,218197.640625
167,145621.765625
168,151733.875
169,172505.15625
170,160432.515625
171,166739.34375
172,141358.859375
173,175360.578125
174,279773.625
175,126373.28125
176,181083.75
177,188640.734375
178,162351.796875
179,163332.640625
180,141474.515625
181,212511.8125
182,189366.125
183,161120.390625
184,189247.40625
185,139153.15625
186,171013.984375
187,182457.21875
188,149952.84375
189,101697.734375
190,174692.859375
191,289892.6875
192,136855.359375
193,186632.578125
194,144424.46875
195,161846.21875
196,129569.828125
197,173214.484375
198,170416.84375
199,167549.96875
200,146536.234375
201,198204.46875
202,187231.1875
203,253540.546875
204,132881.78125
205,166842.28125
206,147010.03125
207,131369.53125
208,146885.6875
209,218833.515625
210,151772.625
211,172862.75
212,118180.9375
213,197373.46875
214,217420.171875
215,156924.75
216,225336.109375
217,130546.3125
218,174087.546875
219,213784.28125
220,142177.875
221,215387.890625
222,154786.984375
223,146467.203125
224,175071.71875
225,183650.140625
226,196747.796875
227,135353.984375
228,168436.609375
229,137146.21875
230,177809.203125
231,131716.03125
232,114601.6484375
233,125484.0390625
234,124840.8671875
235,192953.484375
236,133530.765625
237,121973.25
238,177858.515625
239,246874.015625
240,182972
241,163913.234375
242,209090.984375
243,166278.390625
244,145382.125
245,152349.09375
246,118561.90625
247,272014.875
248,129751.125
249,159983.765625
250,202718.625
251,171327.390625
252,207163.3125
253,171068.140625
254,132297.75
255,156411.390625
256,143565.375
257,290028.96875
258,111577.2265625
259,152463.890625
260,183905.65625
261,117264.03125
262,143404.71875
263,150344.125
264,186496.265625
265,138108.75
266,102622.03125
267,125427.859375
268,181484.65625
269,189402.71875
270,141210.421875
271,155597.890625
272,142145.921875
273,161218.3125
274,97698.6953125
275,239823.71875
276,206360.375
277,124561.6640625
278,184155.28125
279,197568.703125
280,236548.53125
281,122829.375
282,233445.078125
283,167259.703125
284,183443.234375
285,233467.171875
286,162000.53125
287,172556.0625
288,132083.4375
289,188618.84375
290,183561.578125
291,152727.203125
292,181016.125
293,162299.34375
294,141383.4375
295,115931.2734375
296,127180.234375
297,282771.90625
298,127413.609375
299,181724.03125
300,146185.5625
301,193613.046875
302,186254.59375
303,138223
304,218081.546875
305,148186.859375
306,172859.078125
307,115077.234375
308,269465.125
309,143658.796875
310,135650.734375
311,194123.5625
312,154749.21875
313,119220.8515625
314,134341.9375
315,199120.71875
316,184016.375
317,173217.40625
318,168442.234375
319,177073.984375
320,134003.875
321,143489.03125
322,302024.4375
323,112510.546875
324,192875.75
325,153694.15625
326,174207.875
327,218688.703125
328,212507.921875
329,198086.734375
330,174616.28125
331,118581.21875
332,123705.3984375
333,123267.8203125
334,183301.125
335,174486.65625
336,138422.578125
337,201954.71875
338,113722.6875
339,162573.203125
340,206203.59375
341,106465.8125
342,216334.125
343,222879.65625
344,169983.640625
345,107845.3828125
346,140659.296875
347,125558.46875
348,169191.15625
349,183099.296875
350,124862.625
351,149847.5
352,142127.546875
353,182238.21875
354,154864.640625
355,122688.4609375
356,176003.859375
357,226157.625
358,141587.453125
359,145807
360,118932.265625
361,168729.203125
362,143550.03125
363,162322.1875
364,160319.578125
365,127758.984375
366,209978.796875
367,173597.21875
368,177376.4375
369,154968.421875
370,268184.53125
371,187937.125
372,197170.140625
373,196032.28125
374,187449.3125
375,158677.875
376,158659.046875
377,134054.96875
378,169029.21875
379,194632.0625
380,186222.625
381,104831.0703125
382,182393.359375
383,258316.234375
384,147739.140625
385,194967.40625
386,218307.390625
387,105672.6796875
388,161482.3125
389,178628.4375
390,121527.015625
391,144385.953125
392,157977.421875
393,197448.515625
394,189620.40625
395,132475.078125
396,150686.03125
397,142297.203125
398,148172.015625
399,164396.328125
400,145110.21875
401,159207.34375
402,168010.796875
403,150109.078125
404,153369.671875
405,117051.6484375
406,155592.15625
407,121040.375
408,192034.84375
409,143185.34375
410,140663.984375
411,134594.953125
412,199723.703125
413,167868.75
414,200918.875
415,176761.640625
416,165313.078125
417,151611.625
418,187186.8125
419,146016.328125
420,147370.953125
421,139814.078125
422,202365.234375
423,189184.09375
424,209653.859375
425,146068.796875
426,170328.6875
427,222612.5
428,162369.265625
429,202161.609375
430,159265.203125
431,144813.03125
432,140596.015625
433,158877.015625
434,206278.296875
435,168495.53125
436,164844.453125
437,152282.5
438,172677.75
439,172977.9375
440,107333.3125
441,145763.734375
442,139507.6875
443,225092.53125
444,147692.734375
445,205101.328125
446,215049.53125
447,215225.8125
448,200683.890625
449,135007.0625
450,135940.390625
451,162096.203125
452,130503.4375
453,155598.46875
454,166292.671875
455,156589.765625
456,243991.21875
457,203830.78125
458,147701.453125
459,248893.375
460,168435
461,182631.0625
462,238576.40625
463,150510.53125
464,196036.125
465,183149.53125
466,204456.28125
467,160099.234375
468,200011.046875
469,164427.265625
470,230693.640625
471,177451.296875
472,180033.109375
473,196578.859375
474,112355.4375
475,211901.453125
476,139169.03125
477,149485.75
478,172967.953125
479,203363.90625
480,205952.171875
481,167661.921875
482,126594.609375
483,173992.046875
484,207820.109375
485,162145.734375
486,217351.53125
487,137708.84375
488,164831.53125
489,104156.3203125
490,164681.296875
491,188700.8125
492,121663.8125
493,194449.984375
494,119235.4375
495,164045.203125
496,172045.546875
497,187008.4375
498,212192.828125
499,115330.390625
500,157861.125
501,176243.5
502,135505.171875
503,198372.578125
504,209222.40625
505,221747.375
506,173929.9375
507,233745.234375
508,135873.265625
509,251957.40625
510,179779.34375
511,196332.640625
512,132341.65625
513,215506.6875
514,202685.6875
515,250384.75
516,169930.03125
517,152997.984375
518,158699.640625
519,150822.90625
520,182071.984375
521,140340.0625
522,140767
523,217143.09375
524,158793.40625
525,177450.484375
526,154650.578125
527,222405.4375
528,212091.796875
529,197265.171875
530,152359.4375
531,201782.453125
532,182438.9375
533,175603.671875
534,220554.1875
535,188430.71875
536,210510.921875
537,230356.3125
538,96131.8984375
539,152481.453125
540,146242.5625
541,166199.984375
542,147522.734375
543,167168.75
544,142611.890625
545,187791.171875
546,178564.3125
547,127080.2421875
548,137733.6875
549,146644.765625
550,192056.328125
551,132416.828125
552,210414.390625
553,173398.9375
554,193539.140625
555,245226.5625
556,234814.78125
557,115770.53125
558,128500.15625
559,131206.84375
560,169362.734375
561,111766.359375
562,255625.609375
563,210188.40625
564,195149.484375
565,231566.953125
566,145219.546875
567,162984.171875
568,216968.734375
569,164367.09375
570,118094.8125
571,163109.6875
572,150771.96875
573,188577.234375
574,142560.484375
575,190307.265625
576,173643.859375
577,190579.140625
578,121094.546875
579,156171.515625
580,137355.25
581,213121.5625
582,140277.578125
583,180802.734375
584,238592.578125
585,240597.625
586,189611.59375
587,139945.59375
588,147719.8125
589,238971.359375
590,256846.296875
591,237929.703125
592,307947.71875
593,141776.40625
594,182626.78125
595,235860.09375
596,171192
597,172284.328125
598,140545.65625
599,217847.640625
600,187620.78125
601,159802.3125
602,181628.703125
603,122923.140625
604,125674.546875
605,142566.875
606,156757.90625
607,207872.25
608,208315.453125
609,143105.578125
610,109014.609375
611,132849.75
612,231534.109375
613,110110.5703125
614,198854.703125
615,190667.953125
616,198330.984375
617,195839.28125
618,146460.828125
619,178117
620,185494.015625
621,276695.46875
622,187647.15625
623,129193.1875
624,172310.453125
625,195180.640625
626,170425.078125
627,238455.09375
628,130558.828125
629,180862.984375
630,146576.265625
631,184642.859375
632,200971.5625
633,175413.875
634,144503.5625
635,175663.265625
636,175329.296875
637,169402.21875
638,115248.765625
639,248541.625
640,185822.359375
641,208081.15625
642,162802.828125
643,136072.828125
644,139044.453125
645,211449.125
646,136760.765625
647,220949.28125
648,184717.859375
649,113996.4921875
650,174061.1875
651,129312.890625
652,121891.1484375
653,145267.890625
654,215565.765625
655,180948.109375
656,136798.046875
657,154825.875
658,165593.90625
659,162003.171875
660,151945.609375
661,177737.328125
662,184447.109375
663,232251.90625
664,184139.109375
665,135541.390625
666,182409.734375
667,169478.671875
668,118127.125
669,125858.796875
670,179212.90625
671,135219.09375
672,225113.203125
673,179467.515625
674,175861.703125
675,174071.40625
676,158477.828125
677,198418.765625
678,148409.078125
679,162775.734375
680,163095.6875
681,192541.96875
682,142732.796875
683,198318.84375
684,141842.234375
685,203038.4375
686,178342.15625
687,165764.1875
688,211705.96875
689,174388.171875
690,161116.828125
691,138091.09375
692,227997.5
693,170603.875
694,186076.1875
695,167007.96875
696,126177.7578125
697,142160.4375
698,209196.859375
699,169919.359375
700,181127.578125
701,213115.546875
702,212938.390625
703,126870.8828125
704,147387.5625
705,165379.03125
706,203026.734375
707,206575.90625
708,107415.2578125
709,166125.9375
710,144437.890625
711,164997.640625
712,175799.203125
713,124688.09375
714,144084.8125
715,187533.078125
716,172507.828125
717,139754.328125
718,171948.359375
719,171007.875
720,147323.546875
721,139118.96875
722,165037.625
723,159994.234375
724,136008.828125
725,152557.953125
726,149509.65625
727,157085.25
728,226256.390625
729,222591.109375
730,178950.90625
731,149222.8125
732,200679.640625
733,136898.71875
734,186787.421875
735,168722.296875
736,194772.609375
737,153180.984375
738,148670.671875
739,190322.5625
740,110219.7890625
741,141215
742,197235.8125
743,178428.671875
744,184719.1875
745,177281.734375
746,120704.6875
747,169516.875
748,222725.53125
749,168414.0625
750,219958.265625
751,248387.359375
752,210260.484375
753,177385.703125
754,195710.984375
755,296457.34375
756,171222.375
757,199526.421875
758,150101.28125
759,189556.671875
760,150078.984375
761,205987.375
762,232109.859375
763,232084.25
764,190691.3125
765,236634.34375
766,175588.828125
767,105598.0703125
768,261671.828125
769,150202.046875
770,183503.4375
771,172777.84375
772,195873.234375
773,184715.171875
774,166641.875
775,252469.421875
776,148055.375
777,157253.734375
778,197695.96875
779,236755.203125
780,168469.1875
781,154557.984375
782,141134.765625
783,153147.640625
784,109165.8515625
785,151948.546875
786,162674.8125
787,180884
788,172725.71875
789,181159.28125
790,189713.4375
791,132499.53125
792,148903.6875
793,128383.0390625
794,232426.578125
795,171661.015625
796,170591.34375
797,133359.140625
798,169225.734375
799,171752.5
800,156000.0625
801,173089.015625
802,139000.6875
803,158192.078125
804,149957.796875
805,163407.75
806,193845.6875
807,139313.015625
808,147461.84375
809,216097.09375
810,150407.28125
811,112034.40625
812,200094.140625
813,142568.0625
814,240489.03125
815,238290.46875
816,214539.203125
817,335941.0625
818,170192.953125
819,201895.578125
820,222245
821,142465.890625
822,129905.59375
823,175033.203125
824,257816.75
825,213126.78125
826,218639.90625
827,176039.28125
828,129662.4375
829,175489.21875
830,169435.609375
831,153261.359375
832,168823.734375
833,184852.203125
834,269360.4375
835,158098.09375
836,148737.953125
837,154672.921875
838,135292.328125
839,103215.140625
840,205254.5625
841,119438.5390625
842,188819.71875
843,132299.578125
844,138616.3125
845,170118.53125
846,137548.140625
847,159736.875
848,151843.375
849,137742.75
850,197333.796875
851,164721.828125
852,149164.5625
853,148293.203125
854,132174.96875
855,122776.875
856,296170.6875
857,187005.90625
858,209920.390625
859,226388.9375
860,189058.890625
861,181522.484375
862,197170.71875
863,322616.75
864,197903.453125
865,206978.53125
866,143735.890625
867,146204.125
868,171857.203125
869,174333.125
870,141631.40625
871,251319.5
872,137725.8125
873,178466.5625
874,184912.953125
875,170130.3125
876,159091.984375
877,150201.796875
878,299797.375
879,165043.828125
880,187918.734375
881,234550.984375
882,166264.875
883,121442.328125
884,107341.1484375
885,151717.015625
886,195345.953125
887,253009.46875
888,174153.96875
889,190884.515625
890,217726.421875
891,113984.78125
892,190601.265625
893,147775.609375
894,153201.84375
895,145201.8125
896,119156.453125
897,194852.984375
898,175321.140625
899,141503.171875
900,185529.140625
901,186986.671875
902,117733.953125
903,179492.546875
904,292610.09375
905,171326.4375
906,151344.84375
907,146485.625
908,172231.65625
909,170042.75
910,129171.21875
911,178261.59375
912,184945.046875
913,145201.234375
914,197987.109375
915,201562.96875
916,136826.203125
917,170610.734375
918,174835.5
919,134026
920,110098.578125
921,251061.84375
922,302882.71875
923,174461.71875
924,155798.796875
925,191719.296875
926,181918.765625
927,136709.484375
928,195437.828125
929,195731.53125
930,142760.125
931,103983.671875
932,194994.59375
933,185643.296875
934,168014.078125
935,163825.390625
936,164492.75
937,182422.3125
938,244337.609375
939,197024.984375
940,197156.296875
941,205343.890625
942,251740.203125
943,190595.046875
944,212826.453125
945,185894.734375
946,166210.453125
947,144194.03125
948,168614.359375
949,142769.921875
950,173776.265625
951,181075.921875
952,233199.203125
953,128107.6640625
954,206889.984375
955,185966.625
956,129420.484375
957,172739.015625
958,136580.8125
959,233277
960,250073.46875
961,142871.71875
962,129904.609375
963,162362.890625
964,131887.609375
965,127470.7421875
966,203627.0625
967,171400.34375
968,143305.515625
969,124435.3671875
970,161629.859375
971,233061.46875
972,265073.90625
973,153817.234375
974,136633.171875
975,112982.3515625
976,136201.4375
977,195372.203125
978,165669.15625
979,163557.828125
980,145515.390625
981,154414.4375
982,162649.8125
983,158750.859375
984,123027.53125
985,99308.078125
986,185825.453125
987,214117.578125
988,147027.78125
989,189709.046875
990,241838.5625
991,187238.96875
992,147885.703125
993,197529.375
994,167323.609375
995,144478.3125
996,161940.3125
997,165526.59375
998,149261.515625
999,173569.421875
1000,265100.78125
1001,214146.96875
1002,138315.171875
1003,130090.625
1004,112456.1875
1005,169180.71875
1006,163839.609375
1007,165103.234375
1008,143150.546875
1009,134063.328125
1010,180050.765625
1011,140660.796875
1012,183330.125
1013,146327.140625
1014,139619.65625
1015,133814.6875
1016,151649.78125
1017,117790.109375
1018,183894.390625
1019,156604.875
1020,188091.375
1021,123481.515625
1022,188339.921875
1023,114855.90625
1024,162566.453125
1025,191157.171875
1026,144863.234375
1027,189002.046875
1028,163576.484375
1029,171561.765625
1030,174281.1875
1031,221516.421875
1032,123001.28125
1033,176988.03125
1034,186617.703125
1035,154172.046875
1036,189132.25
1037,223165.28125
1038,212276.25
1039,150164.59375
1040,147624.328125
1041,244938.3125
1042,213881.3125
1043,203901.140625
1044,289410.96875
1045,187613.796875
1046,214779.875
1047,180998.671875
1048,144391.296875
1049,146428.546875
1050,163165.453125
1051,118437
1052,208275.0625
1053,176316.421875
1054,162609.203125
1055,135415.90625
1056,172424.5
1057,177487.796875
1058,123126.421875
1059,183642.046875
1060,152986.25
1061,171560.25
1062,155644.0625
1063,168193.765625
1064,189077.625
1065,256660.765625
1066,145721.53125
1067,154074.4375
1068,149761.09375
1069,120022.6328125
1070,135006.109375
1071,104129.8671875
1072,178608.359375
1073,126205.5390625
1074,151877.390625
1075,270324.375
1076,166064.6875
1077,151535.8125
1078,154007.796875
1079,113969.25
1080,169433.984375
1081,180128.90625
1082,158050.25
1083,136467.234375
1084,156909.625
1085,176892.28125
1086,139917.96875
1087,147462.6875
1088,168598
1089,182895.4375
1090,150641.484375
1091,246068.546875
1092,109854.21875
1093,160031.140625
1094,205995.03125
1095,150892.234375
1096,241921.078125
1097,196058.625
1098,214861.96875
1099,132038.65625
1100,189334.375
1101,129724.15625
1102,167017.90625
1103,161210.25
1104,166744.265625
1105,185123.4375
1106,173118.75
1107,228394
1108,131197.3125
1109,128872.3984375
1110,186601.953125
1111,171621.109375
1112,182535.796875
1113,237344.265625
1114,169999.046875
1115,139030.921875
1116,142174.84375
1117,257467.453125
1118,184221.75
1119,165911.796875
1120,109766.0546875
1121,221031.34375
1122,186945.46875
1123,199096.109375
1124,241286.75
1125,193038.296875
1126,170108.328125
1127,163397.109375
1128,156031.703125
1129,233056.640625
1130,177385.296875
1131,135849.71875
1132,161482.484375
1133,151674.984375
1134,155596.4375
1135,132707.203125
1136,189948.140625
1137,196645.828125
1138,158039.984375
1139,164518.5625
1140,152963.796875
1141,161039.609375
1142,131754.203125
1143,119418.8203125
1144,206772.265625
1145,140261.375
1146,267282.6875
1147,157144.890625
1148,152380.03125
1149,247231.1875
1150,135786.96875
1151,129797.84375
1152,146932.21875
1153,124672.015625
1154,137368.953125
1155,162927.21875
1156,223934.265625
1157,130732.2265625
1158,182956.609375
1159,158122.859375
1160,132149.203125
1161,147244.09375
1162,116874.7109375
1163,231133.953125
1164,212589.453125
1165,135754.28125
1166,185658.765625
1167,187962.484375
1168,193741.359375
1169,176555.890625
1170,217269.546875
1171,155716.953125
1172,166568.625
1173,166823.734375
1174,219769.15625
1175,219489.078125
1176,208742.328125
1177,157055.59375
1178,134817.984375
1179,196202.859375
1180,157691.875
1181,129934.421875
1182,186528.046875
1183,155642.421875
1184,172188.046875
1185,257844.78125
1186,106896.0234375
1187,247140.546875
1188,136392.875
1189,242769.25
1190,144917.359375
1191,217398.28125
1192,153280.265625
1193,230733.546875
1194,152433.359375
1195,203952.078125
1196,248729.234375
1197,181160.703125
1198,133915.984375
1199,179886.890625
1200,148452.109375
1201,254042.90625
1202,136149.953125
1203,154484.359375
1204,205764.796875
1205,158105.703125
1206,198869.734375
1207,152061.40625
1208,152841.03125
1209,140546.421875
1210,151254.65625
1211,146587.5
1212,153361.703125
1213,191905.9375
1214,225034.09375
1215,122349.3828125
1216,227533.234375
1217,212701.90625
1218,190729.5
1219,197811.21875
1220,198561.578125
1221,152025.65625
1222,188738.96875
1223,266465.71875
1224,194420.59375
1225,161304.5
1226,153708.640625
1227,303118.90625
1228,155459.1875
1229,138742.3125
1230,128296.1171875
1231,237688.078125
1232,145500.5
1233,189260.765625
1234,154332.28125
1235,221045.578125
1236,140997.96875
1237,167883.640625
1238,149512.90625
1239,166630.0625
1240,108514.140625
1241,162670.65625
1242,138548.34375
1243,146288.796875
1244,195543.8125
1245,136247.09375
1246,129218.1328125
1247,167732.1875
1248,109028.3125
1249,123251.9453125
1250,129701.2265625
1251,181488.265625
1252,191600.640625
1253,228272.828125
1254,174884.421875
1255,168995.5625
1256,156245
1257,237076.59375
1258,152335.6875
1259,208868.96875
1260,159236
1261,221903.3125
1262,178757.765625
1263,160315.71875
1264,189024.203125
1265,163298.8125
1266,201028.078125
1267,145143.6875
1268,205331.84375
1269,195050.875
1270,151930.953125
1271,178363.5
1272,138408.796875
1273,180538.46875
1274,119396.640625
1275,200580.28125
1276,171279.28125
1277,226453.296875
1278,152918.5625
1279,175900.734375
1280,172900.078125
1281,202926
1282,192853.0625
1283,149234.1875
1284,174735.734375
1285,182178.71875
1286,189984.578125
1287,163626.84375
1288,174660.234375
1289,143437.984375
1290,155780.265625
1291,203417.859375
1292,140647.46875
1293,111144.5625
1294,220129.171875
1295,148991.71875
1296,138969.46875
1297,105765.7421875
1298,149561.6875
1299,142610.875
1300,156477.9375
1301,144995.046875
1302,117622.3828125
1303,193518.921875
1304,143928.296875
1305,173873.921875
1306,141679.453125
1307,160687.84375
1308,180415.875
1309,210138.140625
1310,164100.265625
1311,228119.234375
1312,193994.734375
1313,163515.46875
1314,143627.859375
1315,157457.234375
1316,167458.265625
1317,251417
1318,158288.625
1319,140765.25
1320,166846.875
1321,136880.1875
1322,147801.96875
1323,145877.546875
1324,159827.90625
1325,162177.484375
1326,117462.5390625
1327,182739.359375
1328,215474.765625
1329,158310.734375
1330,255492.3125
1331,116663.5703125
1332,204703.96875
1333,309896.09375
1334,205526.34375
1335,198051.890625
1336,179241.96875
1337,116107.734375
1338,173455.15625
1339,238843.078125
1340,106990.328125
1341,150684.4375
1342,193240.9375
1343,159346.171875
1344,165296.953125
1345,144267.953125
1346,195831.671875
1347,116176
1348,178971.296875
1349,155218.640625
1350,128062.3828125
1351,180567.359375
1352,147966.96875
1353,208335.703125
1354,138814.3125
1355,215757.0625
1356,162005.296875
1357,181370.109375
1358,155385.25
1359,124508.2578125
1360,162923.28125
1361,184934.421875
1362,111611.0234375
1363,218326.640625
1364,302692.8125
1365,162087.625
1366,162337.890625
1367,206443.453125
1368,173478.578125
1369,219254.390625
1370,144663.390625
1371,190104.859375
1372,137869.0625
1373,119645.7734375
1374,139110.3125
1375,158246.9375
1376,126131.7578125
1377,208800.828125
1378,203462.734375
1379,152020.90625
1380,159734.25
1381,133457.734375
1382,116002.5390625
1383,126252.3359375
1384,171574.375
1385,180665.3125
1386,165098.640625
1387,189175.03125
1388,182334.265625
1389,158563.125
1390,198183.875
1391,203014.9375
1392,159055.953125
1393,134544.609375
1394,167264.15625
1395,205232.546875
1396,130504.7734375
1397,168137.96875
1398,185028.125
1399,144167.40625
1400,151670.640625
1401,172106.0625
1402,180366.640625
1403,209127.5
1404,150653.234375
1405,189418.859375
1406,255112.0625
1407,171262.96875
1408,131543.671875
1409,154816.75
1410,157613.0625
1411,218822.421875
1412,171797.40625
1413,231328.265625
1414,246712.234375
1415,91446.6484375
1416,122606.2734375
1417,227578.046875
1418,121384.828125
1419,221430.140625
1420,151002.1875
1421,177523
1422,173289.828125
1423,263717.8125
1424,192347.171875
1425,150725.25
1426,157978.390625
1427,129806.9453125
1428,199044.40625
1429,245912.421875
1430,138613.609375
1431,185976.265625
1432,152227.9375
1433,245893.3125
1434,125024.421875
1435,199196.65625
1436,170197.578125
1437,156876.84375
1438,218524.96875
1439,165747.125
1440,165174.40625
1441,182731.578125
1442,206148.734375
1443,167513.84375
1444,142329.640625
1445,224318.71875
1446,206819.125
1447,164183.046875
1448,114125.640625
1449,217986.78125
1450,168807.359375
1451,152712.25
1452,200783.4375
1453,182196
1454,178661.515625
1455,210667
1456,152057.515625
1457,140884.71875
1458,143053.71875
1459,194194.34375
1460,114768.4765625
1461,175374.453125
1462,163229.3125
1463,161336.515625
1464,149727.296875
1465,130639.8984375
1466,145480.71875
1467,176311.890625
1468,135577.328125
1469,191328.375
1470,154024.203125
1471,218651.078125
1472,222259.578125
1473,126226.5625
1474,254779.703125
1475,134471.59375
1476,168519.0625
1477,136486.796875
1478,183871.546875
1479,152310.046875
1480,129242.28125
1481,175242.15625
1482,192375.328125
1483,151599.296875
1484,158372.765625
1485,152618.828125
1486,181613.609375
1487,272976.21875
1488,137054.421875
1489,159471.171875
1490,111586.4765625
1491,174146.46875
1492,176586.625
1493,126465.5546875
1494,149543.359375
1495,148890.28125
1496,116989.921875
1497,222842.0625
1498,215783.46875
1499,168210.578125
1500,118842.9453125
1501,164956.1875
1502,169177.359375
1503,211357
1504,197359.328125
1505,183133.953125
1506,200513.328125
1507,231629.46875
1508,154732.125
1509,136770.671875
1510,101632.90625
1511,124064.6796875
1512,202990.3125
1513,180173.171875
1514,155262.515625
1515,181841.296875
1516,209719.703125
1517,160812.25
1518,156743.453125
1519,145745.25
1520,159493.109375
1521,251293.640625
1522,240636.828125
1523,178926.203125
1524,130917.765625
1525,150572.265625
1526,131891.84375
1527,192449.53125
1528,200470.8125
1529,278369.65625
1530,171304.421875
1531,257502.21875
1532,217888.421875
1533,214313.265625
1534,108978.8203125
1535,159128.234375
1536,107208.2109375
1537,108902.1875
1538,216620.03125
1539,160951.109375
1540,158298.46875
1541,164427.46875
1542,159160.15625
1543,169472.90625
1544,156149.3125
1545,170791.671875
1546,188348.796875
1547,200324.671875
1548,210528.1875
1549,111821.4140625
1550,189117.3125
1551,157215.171875
1552,173438.921875
1553,118856.328125
1554,126399.4140625
1555,207386.59375
1556,179973.65625
1557,166229.984375
1558,146116.515625
1559,232140.15625
1560,202698.328125
1561,127976.4921875
1562,247532.765625
1563,212914.984375
1564,108704.2109375
1565,126448.625
1566,172489.875
1567,137010.796875
1568,143508.3125
1569,176958.59375
1570,184070.484375
1571,179855.65625
1572,144613.203125
1573,143551.8125
1574,215995.828125
1575,167097.390625
1576,259481.9375
1577,192467.671875
1578,183197
1579,170073.515625
1580,162348.5625
1581,168387.140625
1582,163852.59375
1583,192024.71875
1584,218254.4375
1585,138773.015625
1586,101692.1171875
1587,194522.75
1588,194454.265625
1589,128873.09375
1590,184074.578125
1591,158911.953125
1592,166464.09375
1593,166631.234375
1594,152253.9375
1595,133083.953125
1596,183674.78125
1597,183508.203125
1598,201134.640625
1599,168941.609375
1600,95255.8125
1601,122193.90625
1602,160411.375
1603,150252.390625
1604,183290.921875
1605,182265.75
1606,162742.625
1607,166602.453125
1608,197026.546875
1609,150568.9375
1610,135009.484375
1611,165624.8125
1612,161449.828125
1613,182487.65625
1614,134342.0625
1615,205214.75
1616,179440.671875
1617,170856.640625
1618,206996
1619,172381.34375
1620,271348.875
1621,103906.71875
1622,292320.375
1623,189467.453125
1624,165559.96875
1625,168337.1875
1626,207456.90625
1627,139781.609375
1628,187810.4375
1629,203193.796875
1630,211107.484375
1631,257587.03125
1632,167175.234375
1633,274998.65625
1634,164947.359375
1635,187187.3125
1636,143987.40625
1637,263057.8125
1638,155636.875
1639,188591.84375
1640,143717.078125
1641,201458.6875
1642,116293.3515625
1643,129904.25
1644,195027.4375
1645,248364.921875
1646,146898.375
1647,196124.296875
1648,167498.390625
1649,193722.640625
1650,152426.46875
1651,150897.640625
1652,263613.0625
1653,138231.0625
1654,173360.03125
1655,182800.765625
1656,157229.3125
1657,234033.375
1658,197566.09375
1659,194293.671875
1660,216590.15625
1661,160143.03125
1662,149162.421875
1663,240013.1875
1664,157996.125
1665,192085.8125
1666,128333.515625
1667,147652.21875
1668,176441.734375
1669,160456.9375
1670,145041.484375
1671,121933.8828125
1672,168995.1875
1673,210922.921875
1674,143868.53125
1675,180600.703125
1676,129158.2109375
1677,166102.8125
1678,165097.640625
1679,176654.765625
1680,157255.65625
1681,153182.1875
1682,153838.125
1683,134186.03125
1684,178374.328125
1685,185873.1875
1686,182407.6875
1687,136374.5625
1688,193997.109375
1689,179539.375
1690,148844.59375
1691,190466.140625
1692,239761.53125
1693,307550.46875
1694,156440.640625
1695,141067.109375
1696,154137.96875
1697,261198.03125
1698,198974.953125
1699,285008.875
1700,213931.734375
1701,152725.484375
1702,255002.609375
1703,185379.5625
1704,177797.375
1705,171385.484375
1706,156384.109375
1707,226455.921875
1708,148388.78125
1709,148251.015625
1710,151727.078125
1711,132743.171875
1712,154286.09375
1713,136019.234375
1714,166585.765625
1715,144882.609375
1716,173272.171875
1717,192813.875
1718,187650.21875
1719,155421.203125
1720,140000.59375
1721,244550.078125
1722,182662.109375
1723,116073.578125
1724,173858.515625
1725,147518.890625
1726,110732.0703125
1727,167509.453125
1728,145316.34375
1729,162605.546875
1730,154505.9375
1731,203041.03125
1732,156359.046875
1733,160290.609375
1734,206962.609375
1735,187863.921875
1736,223703.46875
1737,177145.21875
1738,177595.734375
1739,175667.171875
1740,221300.953125
1741,139770.78125
1742,190601.84375
1743,255674.484375
1744,183133.671875
1745,145523.75
1746,170841.3125
1747,206648.671875
1748,140772.46875
1749,145644.203125
1750,117683.296875
1751,151620.265625
1752,155692.234375
1753,130676.15625
1754,233147.296875
1755,185518.65625
1756,229974.734375
1757,171298.671875
1758,172063.359375
1759,169022.8125
1760,247941
1761,145527.46875
1762,181752.9375
1763,151670.953125
1764,125246.0078125
1765,185560.234375
1766,135046.25
1767,244658.859375
1768,126675.125
1769,138468.015625
1770,163529.46875
1771,138638
1772,296285.78125
1773,173839.3125
1774,187663.625
1775,254835.453125
1776,150506.1875
1777,170817.609375
1778,204029.1875
1779,178561.5
1780,141090.140625
1781,168301.515625
1782,122977.0390625
1783,158357.921875
1784,158787
1785,170746.21875
1786,134975.4375
1787,306261.40625
1788,149294.296875
1789,197097.21875
1790,206395.984375
1791,163556.578125
1792,185951.875
1793,191374.9375
1794,141680.984375
1795,119760.4609375
1796,96287.6796875
1797,139793.390625
1798,172458.890625
1799,170121.09375
1800,231215.796875
1801,177695.578125
1802,188919.859375
1803,175180.171875
1804,169643.578125
1805,166000.203125
1806,116896.9375
1807,155253.3125
1808,131369.203125
1809,166367.609375
1810,139154.6875
1811,175151.375
1812,160287.984375
1813,149905.578125
1814,138055.546875
1815,269945.21875
1816,131969.703125
1817,121595.375
1818,184689.5
1819,159928.59375
1820,241602
1821,162097.921875
1822,198816.921875
1823,151468.078125
1824,215717.21875
1825,197735.90625
1826,265964.4375
1827,166151.015625
1828,162423.78125
1829,230419.859375
1830,209233.015625
1831,180120.3125
1832,123238.921875
1833,136619.234375
1834,126632.7578125
1835,278696.625
1836,206011.890625
1837,252741.375
1838,97241.5078125
1839,183615.640625
1840,142621.25
1841,168763.140625
1842,239507.609375
1843,173976.96875
1844,183568.40625
1845,239640.609375
1846,276888.875
1847,148284.6875
1848,101462.9765625
1849,244222.34375
1850,198242.28125
1851,167140.640625
1852,180063.375
1853,209305.46875
1854,198972.796875
1855,126670.890625
1856,230127.546875
1857,176225.859375
1858,197192.703125
1859,145806.15625
1860,157771.859375
1861,178143.3125
1862,188468.21875
1863,131521.421875
1864,181173.078125
1865,172205.28125
1866,93793.640625
1867,170761.59375
1868,227924.515625
1869,139411.34375
1870,145910.953125
1871,151658.640625
1872,140676.0625
1873,162734.203125
1874,176795.5625
1875,196744.953125
1876,150132.8125
1877,158433.296875
1878,148087.21875
1879,277720.8125
1880,168769.03125
1881,123027.2890625
1882,137405.21875
1883,187464.96875
1884,175137.96875
1885,167061.828125
1886,114156.9296875
1887,159574.8125
1888,203135.140625
1889,95795.265625
1890,169344.796875
1891,196551.8125
1892,238030.375
1893,189155.953125
1894,132981.359375
1895,196165.21875
1896,215560.203125
1897,164453.375
1898,108392.9453125
1899,138771.859375
1900,214633.09375
1901,154273.75
1902,178426.25
1903,138175.359375
1904,127315.109375
1905,173512.84375
1906,138424.359375
1907,176769.078125
1908,174446.71875
1909,162967.09375
1910,222070.1875
1911,196086.5625
1912,121064.5703125
1913,116400.109375
1914,144807.75
1915,158211.4375
1916,179689.96875
1917,150424.03125
1918,181575.328125
1919,118244.515625
1920,131477.859375
1921,183627.296875
1922,141561.421875
1923,204222.984375
1924,121408.515625
1925,156662.046875
1926,189618.75
1927,136929.71875
1928,307440.875
1929,171525.75
1930,189445.09375
1931,197425.109375
1932,113166.9921875
1933,165030.0625
1934,130514.1484375
1935,217010.375
1936,109310.140625
1937,201191.359375
1938,131716.90625
1939,122763.390625
1940,152160.9375
1941,158983.65625
1942,171394.515625
1943,147487.25
1944,169516.75
1945,194089.109375
1946,114431.6796875
1947,175615.53125
1948,118880.1640625
1949,174361.34375
1950,333975.21875
1951,175627.375
1952,126051.6484375
1953,141963.890625
1954,215843.515625
1955,191711.0625
1956,181767.734375
1957,179312.515625
1958,105618.6875
1959,183928.375
1960,178223.8125
1961,174042.890625
1962,142746.859375
1963,122954.265625
1964,83146.609375
1965,156939.8125
1966,190676.671875
1967,194916.125
1968,163947.484375
1969,147484.53125
1970,232538.328125
1971,227259.046875
1972,130615.4609375
1973,175102.5
1974,115224.1796875
1975,159238.3125
1976,198055.796875
1977,118083.796875
1978,146226.875
1979,174310.53125
1980,114620.0546875
1981,187486
1982,189175.765625
1983,125643.90625
1984,245052.046875
1985,131705.96875
1986,191450.296875
1987,158468.359375
1988,169816.234375
1989,130743.4765625
1990,141108.65625
1991,165831.140625
1992,142725.34375
1993,177203.609375
1994,248616.21875
1995,162325.65625
1996,220512.984375
1997,156128.671875
1998,172581.515625
1999,234318.9375
2000,272918.5625
2001,266062.1875
2002,116305.9921875
2003,143418.171875
2004,268989.1875
2005,136202.5
2006,191331.21875
2007,186866.15625
2008,128774.9921875
2009,192805.046875
2010,237967.25
2011,138679.46875
2012,199259.359375
2013,174858.765625
2014,253945.484375
2015,144736.140625
2016,149959.03125
2017,190015.296875
2018,152263.875
2019,128258.21875
2020,138318.15625
2021,179799.5625
2022,210659.578125
2023,305837.5625
2024,189438.0625
2025,174557.140625
2026,137865.640625
2027,157077.328125
2028,114916.6484375
2029,161232.359375
2030,246944.109375
2031,342933.9375
2032,193200.28125
2033,172918.875
2034,175262.03125
2035,166197.96875
2036,134172.28125
2037,124646.796875
2038,125973.0234375
2039,101949.5078125
2040,213330.09375
2041,183488.40625
2042,151305.3125
2043,183299.75
2044,152615.21875
2045,135005.09375
2046,150228.984375
2047,165585.234375
2048,121940.0546875
2049,218825.65625
2050,137799.578125
2051,270423.78125
2052,215523.28125
2053,233362.53125
2054,228888.703125
2055,153236.109375
2056,137785.078125
2057,155502.40625
2058,200039.8125
2059,196113.046875
2060,195168.171875
2061,172850.34375
2062,157801.40625
2063,170461.109375
2064,147078.34375
2065,204307.3125
2066,201117.28125
2067,113474.640625
2068,186418.28125
2069,173691.578125
2070,224897.703125
2071,152021.3125
2072,135092.859375
2073,150657.0625
2074,155917.921875
2075,192987.421875
2076,147900.125
2077,143270.125
2078,210802.453125
2079,153398.796875
2080,181641.96875
2081,175624.75
2082,289625.09375
2083,209797.9375
2084,207511.296875
2085,195303.96875
2086,151975.40625
2087,165021.890625
2088,216020.734375
2089,129655.53125
2090,211201.4375
2091,126476.171875
2092,203587.140625
2093,145055.421875
2094,145044.96875
2095,162641.8125
2096,162911.203125
2097,137007.3125
2098,196145.453125
2099,146451.75
2100,205267.046875
2101,228601.78125
2102,175146.6875
2103,189577.84375
2104,264863.15625
2105,187416.0625
2106,193761.171875
2107,205095.125
2108,207059.578125
2109,121054.5625
2110,158157.671875
2111,119536.796875
2112,124692.796875
2113,246360.453125
2114,131602.796875
2115,208683.484375
2116,136980.203125
2117,144387.078125
2118,191724.40625
2119,138438.671875
2120,134739.0625
2121,144563.734375
2122,198469.28125
2123,170152.5
2124,268775.625
2125,105436.6484375
2126,198746.03125
2127,220217.875
2128,200741.90625
2129,160849.265625
2130,150797.90625
2131,230014.25
2132,189224.984375
2133,191759
2134,221453.34375
2135,148412.96875
2136,178233.359375
2137,190207.046875
2138,159228.15625
2139,210527.671875
2140,195667.34375
2141,180030.40625
2142,176755.3125
2143,192240.984375
2144,153490.609375
2145,178502.21875
2146,230097.125
2147,157683.515625
2148,228906.09375
2149,179687.421875
2150,160438.671875
2151,178636.296875
2152,206961.390625
2153,154956.75
2154,193077.78125
2155,196245.015625
2156,178116.5
2157,211229.015625
2158,128162.75
2159,130619.03125
2160,227378.40625
2161,145716.078125
2162,113106.4453125
2163,188327.046875
2164,178050.28125
2165,164450.3125
2166,150894.484375
2167,194098.640625
2168,249368.875
2169,171133
2170,221248.71875
2171,184291.171875
2172,112683.0546875
2173,155282.015625
2174,131084.015625
2175,194803.921875
2176,166415.78125
2177,185523.8125
2178,174343.59375
2179,177500.515625
2180,143885.640625
2181,185982.796875
2182,205380.59375
2183,182559.90625
2184,110215.3359375
2185,227606.703125
2186,164620.078125
2187,174063.5
2188,165204.90625
2189,192590.640625
2190,160493.375
2191,134930.265625
2192,232075.6875
2193,142393.921875
2194,193237.96875
2195,159854.8125
2196,151914.671875
2197,212716.0625
2198,230980.21875
2199,184095.125
2200,156756.015625
2201,167197.359375
2202,155703.234375
2203,144125.734375
2204,165845.640625
2205,182449.78125
2206,139045.359375
2207,148229.390625
2208,143585.328125
2209,190169.671875
2210,271244.34375
2211,179551.203125
2212,145541.125
2213,198954.765625
2214,186598
2215,178234.25
2216,177719.875
2217,149314.078125
2218,124018.3359375
2219,152989.59375
2220,195077.484375
2221,153157.203125
2222,216660.390625
2223,147335.8125
2224,184468.265625
2225,199359.09375
2226,111733.3359375
2227,180332.1875
2228,199843
2229,236759.90625
2230,131822.609375
2231,176847.09375
2232,198763.328125
2233,163309.03125
2234,166782.21875
2235,241120.25
2236,138980.78125
2237,125861.140625
2238,170322.53125
2239,130673.484375
2240,244408.203125
2241,187523.609375
2242,132285.703125
2243,176822.1875
2244,145599.828125
2245,198830.65625
2246,157827.203125
2247,212984.28125
2248,223004.765625
2249,147336.765625
2250,164623.78125
2251,119669.5
2252,237855.359375
2253,106888.796875
2254,198592.515625
2255,228256.0625
2256,187161.25
2257,172724.09375
2258,183041.25
2259,151763.40625
2260,206131.46875
2261,221091.640625
2262,202058.78125
2263,137538.1875
2264,202893.75
2265,194958.234375
2266,179581.828125
2267,171401.484375
2268,192448.625
2269,151897.5
2270,168461.03125
2271,137476.703125
2272,192302.171875
2273,157445.1875
2274,199976.328125
2275,120959.3515625
2276,175513.609375
2277,173836.6875
2278,174026.828125
2279,176562.421875
2280,141623.265625
2281,212547.546875
2282,306275.1875
2283,179877.078125
2284,106685.84375
2285,162275.953125
2286,171359.859375
2287,178439.203125
2288,229932.953125
2289,190902.125
2290,252038.78125
2291,215738.3125
2292,163447.078125
2293,219635.234375
2294,119640.203125
2295,144366.171875
2296,176494.765625
2297,161804.21875
2298,137875.90625
2299,163937.375
2300,138106.28125
2301,269702.09375
2302,232992.984375
2303,197237.609375
2304,194477.8125
2305,186486.25
2306,170035.984375
2307,187814.578125
2308,122133.1171875
2309,225897.1875
2310,214087.734375
2311,209535.21875
2312,202619.3125
2313,127409.03125
2314,191297.3125
2315,120664.140625
2316,213544.9375
2317,192356.703125
2318,141915.265625
2319,171588.65625
2320,122891.7265625
2321,143617.578125
2322,118775.7265625
2323,184712.828125
2324,171935.078125
2325,288049.21875
2326,201249.546875
2327,169754.078125
2328,216732.625
2329,156445.078125
2330,159259.671875
2331,159244.375
2332,193240.78125
2333,113182.8203125
2334,204745.28125
2335,114834.53125
2336,135595.5625
2337,119439.5390625
2338,360645.90625
2339,163461.09375
2340,160578.75
2341,172115.625
2342,179218.96875
2343,184509.109375
2344,215594.109375
2345,206075.671875
2346,144123.28125
2347,181613.671875
2348,172640.53125
2349,197832.96875
2350,129989.2890625
2351,267220.1875
2352,177935.46875
2353,167706.875
2354,139663.578125
2355,146591.796875
2356,206488.984375
2357,140133.453125
2358,150768.8125
2359,129343.984375
2360,207213.328125
2361,188592.140625
2362,160808.8125
2363,142176.265625
2364,180477.109375
2365,171908.3125
2366,149112.75
2367,119068.1484375
2368,143687.171875
2369,173400.78125
2370,197689.453125
2371,125224.5390625
2372,159378.546875
2373,140523.28125
2374,181050.046875
2375,220030.140625
2376,151429.5625
2377,89882.765625
2378,203575.90625
2379,189419.953125
2380,184372.34375
2381,164883.65625
2382,151396.1875
2383,124778.625
2384,231068.859375
2385,110427.578125
2386,173928.59375
2387,147867.625
2388,127806.21875
2389,104610.21875
2390,201944.546875
2391,151801.09375
2392,145966.390625
2393,132135.875
2394,207680.078125
2395,238172.484375
2396,180285.734375
2397,207399.890625
2398,169625.515625
2399,175540.78125
2400,163822.890625
2401,151971.171875
2402,184128.125
2403,195455.078125
2404,173697.203125
2405,136116.421875
2406,115263.6953125
2407,202233.125
2408,150625.953125
2409,159825.3125
2410,185115.171875
2411,111994.3203125
2412,163223.546875
2413,196240.0625
2414,165682.640625
2415,170931.875
2416,151980.0625
2417,256415.53125
2418,189809.265625
2419,131355.171875
2420,139089.015625
2421,173801.375
2422,154820.609375
2423,136996.75
2424,166903.078125
2425,194859.078125
2426,166039.546875
2427,142045.453125
2428,188359.515625
2429,176462.953125
2430,108292.8984375
2431,157947.21875
2432,178334.6875
2433,166844.09375
2434,207084.765625
2435,126341.015625
2436,208604.515625
2437,152519.734375
2438,113617.3515625
2439,136388.5
2440,154146.3125
2441,165675.796875
2442,115350.1484375
2443,153806.671875
2444,248830.203125
2445,167253.265625
2446,213131.40625
2447,148168.015625
2448,128606.6953125
2449,177510.078125
2450,240017.984375
2451,269435.75
2452,179435.859375
2453,123048.359375
2454,103939.3671875
2455,130113.7890625
2456,137865.96875
2457,154975.53125
2458,210566.640625
2459,132746.9375
2460,205873.1875
2461,128415.171875
2462,176479.234375
2463,174059.859375
2464,78188.9609375
2465,128923.6328125
2466,145581.671875
2467,120517.6640625
2468,177857.796875
2469,154045.390625
2470,184207.5
2471,207419.171875
2472,128558.21875
2473,136034.53125
2474,169752.078125
2475,190308.765625
2476,163006.8125
2477,187231.671875
2478,220752.625
2479,140732.203125
2480,222318.359375
2481,177458.921875
2482,174332.390625
2483,237624.984375
2484,200810.90625
2485,158607.4375
2486,167826.8125
2487,162304.640625
2488,192277
2489,216965.640625
2490,177439.78125
2491,299616.34375
2492,180274.15625
2493,118174.53125
2494,160302.796875
2495,162426.203125
2496,162749.984375
2497,122344.171875
2498,119172.765625
2499,126774.515625
2500,180229.625
2501,155517.796875
2502,174209.21875
2503,211813.421875
2504,169742.25
2505,221232.546875
2506,167380.90625
2507,183400.984375
2508,185376.296875
2509,180186.65625
2510,202741.578125
2511,108274.09375
2512,158270.984375
2513,147531.296875
2514,164877.453125
2515,150766.734375
2516,254121.484375
2517,242250.65625
2518,147505.984375
2519,179317.25
2520,171856.59375
2521,148933.640625
2522,245352.75
2523,158592.078125
2524,181810
2525,242112.640625
2526,195728.859375
2527,190416.125
2528,157920.796875
2529,137876.453125
2530,225466.828125
2531,166010.171875
2532,177709.75
2533,192650.578125
2534,224413.53125
2535,189752.796875
2536,133673.890625
2537,166055.4375
2538,140524.03125
2539,146108.125
2540,175565.03125
2541,179246.328125
2542,190220.25
2543,175680.515625
2544,166316.265625
2545,180726.703125
2546,161762.65625
2547,160336.875
2548,175140
2549,134358.671875
2550,165663.265625
2551,126949.6015625
2552,162466.765625
2553,176695.859375
2554,111657.609375
2555,152972.921875
2556,151155.03125
2557,167391.078125
2558,123344.8515625
2559,187647.28125
2560,207917.71875
2561,163825.65625
2562,209105.234375
2563,114294.8671875
2564,131849.9375
2565,155942.125
2566,117077.1015625
2567,215452.671875
2568,160252.8125
2569,183082.96875
2570,119782.7109375
2571,158807.84375
2572,214092.34375
2573,111754.15625
2574,129471.9296875
2575,133218.78125
2576,191208.078125
2577,190482.578125
2578,165294.734375
2579,178143.328125
2580,208045.984375
2581,162756.8125
2582,155913.390625
2583,159448.296875
2584,133846.5
2585,155548.75
2586,184783
2587,146032.421875
2588,177855.15625
2589,153527.734375
2590,122010.5078125
2591,205445.203125
2592,199777.265625
2593,147906.03125
2594,174375.671875
2595,158869.71875
2596,165935.140625
2597,176512.984375
2598,137717.296875
2599,201351.953125
2600,126507.5
2601,146870.296875
2602,187720.40625
2603,157666.171875
2604,161601.421875
2605,196076.828125
2606,213041.140625
2607,212540.546875
2608,265669.8125
2609,179493.703125
2610,118559.140625
2611,174504.734375
2612,165170.125
2613,179749.390625
2614,158102.296875
2615,133176.890625
2616,164819.0625
2617,169034.46875
2618,134868.765625
2619,140839.75
2620,206052.8125
2621,170080.578125
2622,256663.078125
2623,211531.9375
2624,128041.875
2625,270579.15625
2626,110041.6875
2627,183921.578125
2628,176596.765625
2629,193725.9375
2630,228107
2631,141262.640625
2632,187709.203125
2633,135352.9375
2634,159954.828125
2635,131016.5625
2636,149148.25
2637,164364.453125
2638,152489.828125
2639,180565.828125
2640,150195.515625
2641,188307.578125
2642,155417.078125
2643,214130.546875
2644,158095.734375
2645,210546.5625
2646,162571.453125
2647,189820.609375
2648,185068.921875
2649,193024.3125
2650,174762.96875
2651,185931.6875
2652,209652.859375
2653,149629.21875
2654,139630.90625
2655,208096.84375
2656,179525.703125
2657,203291.234375
2658,165800.28125
2659,177339.75
2660,197922.359375
2661,130978.8671875
2662,209807.671875
2663,202461.46875
2664,142959.828125
2665,161480.125
2666,144316.625
2667,235073.828125
2668,143943.109375
2669,124032.1796875
2670,141618.96875
2671,180367.5625
2672,129607.75
2673,138545.6875
2674,164932.625
2675,208799.6875
2676,174226.921875
2677,267549.4375
2678,172648.640625
2679,144387.109375
2680,195642.359375
2681,147234.125
2682,101333.1640625
2683,127748.5078125
2684,181830.46875
2685,203115.984375
2686,214885.078125
2687,174840.140625
2688,121876.7421875
2689,139073.53125
2690,128460.28125
2691,129633.875
2692,206846.578125
2693,192683.6875
2694,153633.09375
2695,239486.046875
2696,160701.046875
2697,162268.78125
2698,268024.90625
2699,152506.515625
2700,138141.6875
2701,133808.328125
2702,214180.65625
2703,195460.453125
2704,217482.34375
2705,138698.09375
2706,164881.921875
2707,157187.34375
2708,139633.390625
2709,239627.203125
2710,135021.09375
2711,203305.625
2712,187101.640625
2713,173552.921875
2714,185116.15625
2715,124647.015625
2716,170489.71875
2717,157957.578125
2718,176465.734375
2719,199904.078125
2720,142698.15625
2721,196569.390625
2722,187598.140625
2723,166183.65625
2724,186534.578125
2725,212434.921875
2726,371764.96875
2727,129750.578125
2728,226198.609375
2729,157661.671875
2730,276203.8125
2731,175250.625
2732,237136.734375
2733,139552.15625
2734,153840.078125
2735,176532.484375
2736,149712.0625
2737,154779.265625
2738,184399.265625
2739,133784.390625
2740,169665.609375
2741,126065.625
2742,114594.953125
2743,168185.546875
2744,200740.390625
2745,177423.046875
2746,179481.765625
2747,218472.0625
2748,149444.1875
2749,187397.546875
2750,110565.5546875
2751,182155.140625
2752,121132.578125
2753,165880.046875
2754,246635.609375
2755,171680.625
2756,144434.109375
2757,177511.671875
2758,170470.453125
2759,167797.96875
2760,167045.09375
2761,108739.640625
2762,178127.140625
2763,158456.953125
2764,152406.75
2765,247806.96875
2766,149326.421875
2767,198090.203125
2768,172454.96875
2769,175964.671875
2770,166967.78125
2771,181195.390625
2772,166756.34375
2773,138945.78125
2774,120313.140625
2775,176419.078125
2776,182683.828125
2777,145392.703125
2778,138736.03125
2779,193588.90625
2780,119555.0390625
2781,131900.765625
2782,156836.234375
2783,143350.0625
2784,214436.046875
2785,166815.453125
2786,171555.40625
2787,245122.71875
2788,195711.4375
2789,121419.4609375
2790,159154.84375
2791,198619.3125
2792,163776.078125
2793,144182.875
2794,262882.53125
2795,126983.9296875
2796,180199.53125
2797,182877.84375
2798,190058.359375
2799,159059.96875
2800,129932.0625
2801,212995.6875
2802,205500.40625
2803,148345.421875
2804,116797.3515625
2805,207148.234375
2806,169469.984375
2807,126406.6328125
2808,138791.4375
2809,165148.984375
2810,229259.59375
2811,193545.046875
2812,179681.40625
2813,232898.65625
2814,177551.625
2815,253729.5
2816,149884.296875
2817,139511.671875
2818,330140.34375
2819,149241.734375
2820,163256.09375
2821,143595.8125
2822,211460.71875
2823,169734.890625
2824,129162.03125
2825,123059.8515625
2826,145730.53125
2827,135756.09375
2828,214647.328125
2829,173460.078125
2830,144960.09375
2831,159357.625
2832,197313.21875
2833,155676.328125
2834,195838.484375
2835,245743.921875
2836,177543.546875
2837,178219.53125
2838,144204.46875
2839,134028.453125
2840,180726.6875
2841,169816.46875
2842,202599.78125
2843,116935.40625
2844,259556.4375
2845,199085.03125
2846,202345.5625
2847,105453.3984375
2848,186780.890625
2849,143046.171875
2850,120245.875
2851,186214.40625
2852,184157.90625
2853,167013.9375
2854,301614.1875
2855,164976.734375
2856,224753.515625
2857,134984.65625
2858,164107.8125
2859,176227.0625
2860,176801.4375
2861,157206.578125
2862,192762.984375
2863,252678.8125
2864,193023.578125
2865,153541.046875
2866,173294.84375
2867,116959.953125
2868,143477.109375
2869,165994.546875
2870,175030.75
2871,143442.28125
2872,127524.3203125
2873,244259.734375
2874,133362.109375
2875,141728.25
2876,151942.21875
2877,164287.046875
2878,248889.671875
2879,117601.7421875
2880,144891.9375
2881,217844.109375
2882,247170.546875
2883,122820.3125
2884,212557.046875
2885,215374.28125
2886,209077.875
2887,134692.078125
2888,149593.671875
2889,143094.546875
2890,158730.78125
2891,217128.609375
2892,133900.078125
2893,205166.234375
2894,159735.25
2895,131944.578125
2896,210806.609375
2897,196551.40625
2898,135016.5625
2899,144164.296875
2900,146337.28125
2901,309509.96875
2902,183281.65625
2903,151772.59375
2904,227703.609375
2905,134727.453125
2906,195196.265625
2907,187405.984375
2908,197740.4375
2909,164545.609375
2910,152028.375
2911,201970.8125
2912,204587.921875
2913,153016.546875
2914,233817.078125
2915,159567.734375
2916,124014.2890625
2917,173086.921875
2918,193354.703125
2919,276257.125
2920,227709.171875
2921,204200.671875
2922,171795.84375
2923,219113.546875
2924,173015.765625
2925,125160.296875
2926,195185.328125
2927,137264.59375
2928,158342.875
2929,180805.390625
2930,219703.734375
2931,160056.25
2932,214731.609375
2933,140615.265625
2934,234371.609375
2935,186898.84375
2936,151592.828125
2937,146590.703125
2938,229528.75
2939,169262.75
2940,167833.953125
2941,162126.875
2942,192357.375
2943,200937.203125
2944,166232.109375
2945,162013.578125
2946,150508.984375
2947,158504.828125
2948,134346.046875
2949,138563.703125
2950,146907.84375
2951,191056
2952,197061.765625
2953,194103.46875
2954,259573.921875
2955,164059.953125
2956,284145.59375
2957,169942.828125
2958,120149.0234375
2959,155008.40625
2960,147507.828125
2961,188537.203125
2962,306890.8125
2963,121414.625
2964,173506.859375
2965,131591.484375
2966,159916.015625
2967,279516.0625
2968,156693.0625
2969,151485.1875
2970,209206.90625
2971,198357.9375
2972,176995.421875
2973,177463
2974,192931.34375
2975,175897.609375
2976,158961.578125
2977,183806.46875
2978,140210.34375
2979,150940.078125
2980,139415.15625
2981,223130.453125
2982,126654.2421875
2983,130371.9296875
2984,127463.1640625
2985,171342.78125
2986,136430.265625
2987,122929.46875
2988,139999.5
2989,159384.578125
2990,139472.453125
2991,133828.671875
2992,176253.890625
2993,246514.046875
2994,180853.625
2995,127275.5859375
2996,139103.0625
2997,166944.3125
2998,135005.53125
2999,198691.953125
3000,172685.421875
3001,145035.15625
3002,150609.796875
3003,206415.78125
3004,204082.6875
3005,118687.46875
3006,147488.25
3007,176354.359375
3008,190008.21875
3009,193589.203125
3010,105222.8671875
3011,111300.9609375
3012,305979.59375
3013,112692.25
3014,210168.515625
3015,167156.953125
3016,182657.265625
3017,153414.671875
3018,196001.109375
3019,140661.984375
3020,187577.890625
3021,123705.1328125
3022,138933.265625
3023,146767.90625
3024,136604.890625
3025,112712.1953125
3026,142451.390625
3027,153112.796875
3028,150103.609375
3029,161634.828125
3030,253342.109375
3031,252912.59375
3032,129672.8671875
3033,114605.265625
3034,196818.578125
3035,103951.7734375
3036,165648.15625
3037,142457.171875
3038,161915
3039,148742.328125
3040,195868.109375
3041,145745.140625
3042,156710.8125
3043,174300.625
3044,172481.671875
3045,174951.25
3046,183775.859375
3047,131376.6875
3048,204976.90625
3049,181327.484375
3050,186930.25
3051,151422.15625
3052,190778.90625
3053,156988.078125
3054,175527.109375
3055,212151.140625
3056,170692.859375
3057,206554.515625
3058,181518.75
3059,225522.0625
3060,137450.140625
3061,174927.46875
3062,240618.078125
3063,188909.65625
3064,130327.375
3065,128665.5859375
3066,149540.828125
3067,215577.375
3068,152950.15625
3069,187520.390625
3070,185051.515625
3071,184860.359375
3072,171340.53125
3073,169676.5625
3074,123839.90625
3075,101685.5234375
3076,132975.375
3077,116483.140625
3078,128322.4140625
3079,128585.0859375
3080,150075.921875
3081,180197.734375
3082,232161.078125
3083,221136.15625
3084,221422.28125
3085,127281.921875
3086,154610.984375
3087,201609.953125
3088,163597.46875
3089,140681.25
3090,100080.1953125
3091,200420.390625
3092,173701.953125
3093,168315.953125
3094,157630.125
3095,144592.84375
3096,180869.953125
3097,107445.921875
3098,131216.0625
3099,144831.296875
3100,170984.0625
3101,133785.109375
3102,132151.859375
3103,190473.578125
3104,167242.28125
3105,197953.890625
3106,160019.328125
3107,120775.3203125
3108,145056.375
3109,179749.078125
3110,198856.28125
3111,136853.71875
3112,252297.78125
3113,184668.890625
3114,134414.921875
3115,157511.46875
3116,180440.046875
3117,175569.25
3118,126560.21875
3119,176620.90625
3120,174619.484375
3121,223817.28125
3122,183601.046875
3123,191422.546875
3124,188341.796875
3125,147422.203125
3126,182276.1875
3127,118235.9140625
3128,172697.234375
3129,198218.640625
3130,183542.1875
3131,160626.875
3132,186234.296875
3133,145452.71875
3134,123162.9375
3135,262262.65625
3136,161360.0625
3137,149910.96875
3138,167376.515625
3139,168493.859375
3140,170819.59375
3141,201008.734375
3142,214957.8125
3143,229460.046875
3144,154075.34375
3145,132060.171875
3146,134050.8125
3147,126474.84375
3148,211769.953125
3149,174028.296875
3150,232084.609375
3151,215731.375
3152,168390.84375
3153,177391.171875
3154,171427.71875
3155,185820.765625
3156,239144.796875
3157,148376.484375
3158,172985.484375
3159,215275.609375
3160,145324.078125
3161,253041.390625
3162,190694.203125
3163,166391.140625
3164,203748.21875
3165,199657.96875
3166,158075.828125
3167,141163.015625
3168,125275.359375
3169,130058.28125
3170,165901.265625
3171,206511.109375
3172,217723.90625
3173,148258.375
3174,195894.375
3175,280462
3176,203050.5625
3177,201033.0625
3178,199211.34375
3179,170358.390625
3180,165902.015625
3181,158565.71875
3182,165061.1875
3183,307279.96875
3184,194014.828125
3185,190663.75
3186,127861.09375
3187,149901.46875
3188,134431.984375
3189,191329.078125
3190,128525.75
3191,174065.1875
3192,155765.890625
3193,177038.75
3194,227157.765625
3195,161664.40625
3196,132103.875
3197,174735.015625
3198,224272.375
3199,137493.015625
3200,193383.015625
3201,157721.9375
3202,165943.828125
3203,120291.109375
3204,163540.359375
3205,147446.5
3206,99989.1015625
3207,165059.71875
3208,162788.015625
3209,180295.296875
3210,173009.3125
3211,152554.890625
3212,184025.828125
3213,180009.03125
3214,169443.359375
3215,236862.3125
3216,207904.21875
3217,121329.7265625
3218,103372.6953125
3219,136201.375
3220,181664.28125
3221,196235.296875
3222,147589.78125
3223,186587.03125
3224,134167.359375
3225,158421.15625
3226,247227.9375
3227,122811.390625
3228,261102.640625
3229,149901.046875
3230,166501.8125
3231,159000.53125
3232,144553.09375
3233,174258.984375
3234,167808.265625
3235,155264.0625
3236,178489.171875
3237,167968.15625
3238,151507.9375
3239,175808.453125
3240,122765.5234375
3241,111205.484375
3242,117415.734375
3243,240341.5625
3244,272287.03125
3245,196104.125
3246,167504.15625
3247,164148.5625
3248,194161.78125
3249,257235.75
3250,199591.765625
3251,120951.84375
3252,148825.90625
3253,206231.125
3254,195530.84375
3255,320143.09375
3256,193031.78125
3257,194887.75
3258,176532.953125
3259,209118.640625
3260,299585.15625
3261,129752.1953125
3262,167640.5625
3263,170935.203125
3264,183458.984375
3265,135778.515625
3266,101572.75
3267,188080.171875
3268,242689.453125
3269,193989.59375
3270,153366.9375
3271,167299.78125
3272,139950.578125
3273,223836.40625
3274,198104.1875
3275,179912.390625
3276,149150.28125
3277,214299.90625
3278,181883.328125
3279,212179.484375
3280,191459.640625
3281,176153.21875
3282,182079.890625
3283,130457.7890625
3284,195912.21875
3285,163990.265625
3286,145658.84375
3287,194915
3288,151873.125
3289,218378.421875
3290,162424.015625
3291,144826.5625
3292,159175.296875
3293,160193.65625
3294,137856.671875
3295,188429.171875
3296,149257.234375
3297,180073.890625
3298,171118.4375
3299,135496.265625
3300,145226.53125
3301,242465.5
3302,141748.25
3303,162448.015625
3304,163277.078125
3305,153835.8125
3306,195596.140625
3307,204510.5
3308,171995.390625
3309,248854.953125
3310,151280.625
3311,181988.640625
3312,171126.703125
3313,162571.984375
3314,236279.25
3315,196501.359375
3316,201345.828125
3317,109074.7890625
3318,237799.484375
3319,237522.984375
3320,144156.90625
3321,118798.1328125
3322,226843.734375
3323,140875.609375
3324,193703.921875
3325,301621.84375
3326,129084.265625
3327,259395.71875
3328,170780.515625
3329,206279.734375
3330,175158.84375
3331,137234.296875
3332,139759.53125
3333,179331.796875
3334,139717.625
3335,137237.75
3336,192280.671875
3337,165575.984375
3338,178371.53125
3339,254608.921875
3340,156481.390625
3341,161496.4375
3342,171232.53125
3343,141536.796875
3344,206374.9375
3345,131145.328125
3346,209601.703125
3347,223997.625
3348,129485.28125
3349,226033.453125
3350,165334.328125
3351,110155.7109375
3352,179492.296875
3353,153209.03125
3354,129476.703125
3355,150687.84375
3356,189157.390625
3357,205518.671875
3358,168561.421875
3359,175012.71875
3360,195374.46875
3361,186122.65625
3362,206838.4375
3363,212614.5
3364,130238.4375
3365,191984.375
3366,160766.140625
3367,173037.1875
3368,189322.140625
3369,132173.609375
3370,96229.703125
3371,247317.203125
3372,163227.34375
3373,108319.5390625
3374,182226.4375
3375,195030.578125
3376,151319.453125
3377,135652.484375
3378,189242.484375
3379,99565.671875
3380,161336.34375
3381,188043.140625
3382,247171.953125
3383,124002.9453125
3384,195969.109375
3385,117165.8515625
3386,99544.984375
3387,152369.359375
3388,173406.640625
3389,182404.6875
3390,112629.03125
3391,124422.2109375
3392,179314.25
3393,161834.546875
3394,180001.328125
3395,141159.59375
3396,197519.96875
3397,171783.84375
3398,123286.484375
3399,181081.734375
3400,158778.171875
3401,150386.296875
3402,219180.515625
3403,172319.1875
3404,159987.375
3405,154305.046875
3406,162114.359375
3407,256723.390625
3408,173718.296875
3409,300143.5
3410,151559.265625
3411,202076.796875
3412,179848.0625
3413,172692.09375
3414,189664.8125
3415,157567.328125
3416,154916.65625
3417,163830.40625
3418,151444.40625
3419,167736.71875
3420,186545.15625
3421,167936.0625
3422,193711.390625
3423,183875.3125
3424,124875.53125
3425,175648.046875
3426,179421.953125
3427,171342.890625
3428,195608.390625
3429,140074.453125
3430,174541.109375
3431,167085.78125
3432,207351.3125
3433,176429.03125
3434,119321.2109375
3435,170727.5
3436,99811.859375
3437,186901.75
3438,187976.3125
3439,125029.421875
3440,161449.578125
3441,205152.125
3442,123081.4765625
3443,269635.15625
3444,185263.875
3445,246037.03125
3446,143993.53125
3447,132649.046875
3448,192742.984375
3449,148167.5625
3450,143610.15625
3451,190042.59375
3452,140037.1875
3453,129807.75
3454,219369.15625
3455,196572.09375
3456,204857.375
3457,117821.7578125
3458,145308.859375
3459,168238.703125
3460,133986.78125
3461,185795.59375
3462,165207.203125
3463,145100.421875
3464,193941.21875
3465,190279.3125
3466,168225.25
3467,150378.765625
3468,134768.34375
3469,115825.625
3470,221064.46875
3471,225863.6875
3472,205866.34375
3473,133658.984375
3474,128526.2578125
3475,142859.890625
3476,134789.65625
3477,214850.984375
3478,123999.734375
3479,263302.40625
3480,182271.53125
3481,154214.03125
3482,120200.375
3483,179306.40625
3484,219997.90625
3485,134677.21875
3486,126532.1328125
3487,182273.671875
3488,168596.765625
3489,177603.375
3490,162159.34375
3491,114600.5703125
3492,221534.40625
3493,195023.546875
3494,208902.828125
3495,153478.59375
3496,218400
3497,190135.53125
3498,113490.5078125
3499,174402.28125
3500,143398.90625
3501,147416.953125
3502,183107.09375
3503,188680.484375
3504,184718.171875
3505,157398.40625
3506,188285.78125
3507,154099.96875
3508,213490.46875
3509,142061.984375
3510,126139.484375
3511,156440.40625
3512,106304.25
3513,158580.71875
3514,187531.203125
3515,193810.984375
3516,163816.859375
3517,172106.4375
3518,163364.96875
3519,172496.921875
3520,197620.453125
3521,201847.640625
3522,196067.96875
3523,115668.2265625
3524,177964.625
3525,200121.078125
3526,129274.859375
3527,119663.4453125
3528,282631.1875
3529,152617.125
3530,184842.703125
3531,184716.28125
3532,175751.96875
3533,182276.75
3534,197123.3125
3535,151244.109375
3536,134732
3537,130489.5703125
3538,153190
3539,170638.1875
3540,232224.65625
3541,129665.375
3542,186882.015625
3543,213751.921875
3544,154100.46875
3545,182015.390625
3546,152843.53125
3547,172213.265625
3548,198063.140625
3549,268922.75
3550,134532.625
3551,161963.703125
3552,155022.328125
3553,192782.890625
3554,237189.140625
3555,137628.3125
3556,151406.09375
3557,187650.515625
3558,117638.6328125
3559,160934
3560,146876.71875
3561,134049.34375
3562,161693.0625
3563,200360.078125
3564,119529.0546875
3565,141858.703125
3566,165439.046875
3567,109660.9375
3568,143342.03125
3569,155923.03125
3570,190664.640625
3571,185335.1875
3572,201045.21875
3573,158201.9375
3574,141498.5
3575,139107.75
3576,169008.140625
3577,149689.125
3578,263585.5625
3579,193412.984375
3580,218032.34375
3581,170984.703125
3582,221363.65625
3583,206314.25
3584,164312.671875
3585,138296.03125
3586,161124.4375
3587,187736.5625
3588,112281.0390625
3589,257246.578125
3590,202684
3591,140739.5625
3592,174460.0625
3593,143883.546875
3594,145127.328125
3595,191044.609375
3596,273388.8125
3597,165600.453125
3598,251132.515625
3599,112544.7578125
3600,137241.890625
3601,161546.34375
3602,141907.265625
3603,218977.328125
3604,149553.515625
3605,245383.234375
3606,102730.4140625
3607,243072.34375
3608,148826.875
3609,175580.140625
3610,206591.296875
3611,212799.703125
3612,189162.25
3613,165377.328125
3614,149511.015625
3615,224196.5
3616,194353.078125
3617,115095.6953125
3618,192229.421875
3619,140723.09375
3620,186198.34375
3621,158730.796875
3622,209732.25
3623,204718.796875
3624,189781.90625
3625,157507.734375
3626,134833.1875
3627,135160.84375
3628,170849.25
3629,166078.34375
3630,151398.359375
3631,138209.15625
3632,160069.109375
3633,175060.734375
3634,135319.28125
3635,199410.40625
3636,112419.0234375
3637,138650.296875
3638,144238.796875
3639,147611.59375
3640,142476
3641,171593.375
3642,119718.3984375
3643,184306.3125
3644,146332.890625
3645,238010.1875
3646,129938.59375
3647,208485.921875
3648,144284.59375
3649,113489.3046875
3650,164054.375
3651,144375.171875
3652,137765.921875
3653,160436.140625
3654,140495.359375
3655,225544.28125
3656,134853.890625
3657,219566.78125
3658,107382.8828125
3659,253132.21875
3660,196063.828125
3661,138046.375
3662,190007.296875
3663,135195.625
3664,189925.15625
3665,224526
3666,176418.890625
3667,151027.359375
3668,181157.796875
3669,151749.859375
3670,214880.4375
3671,222377.0625
3672,173657.84375
3673,128379.78125
3674,166425.71875
3675,149573.703125
3676,186815.015625
3677,188369.546875
3678,242643
3679,186537.40625
3680,157163.5
3681,169650.984375
3682,164154.359375
3683,151773.640625
3684,147654.359375
3685,257962.9375
3686,149542.78125
3687,117877.6484375
3688,245310.375
3689,162840.28125
3690,121839.2109375
3691,197718.234375
3692,162801.3125
3693,144978.421875
3694,253019.96875
3695,101386.59375
3696,157733.59375
3697,200801.59375
3698,175705.34375
3699,224501.796875
3700,164601.4375
3701,168869.078125
3702,172418.796875
3703,230081.65625
3704,139715.984375
3705,179510.75
3706,163915.90625
3707,197009.703125
3708,127116.0625
3709,139897.703125
3710,164129.359375
3711,286408.78125
3712,131699.5625
3713,148582.875
3714,132271.859375
3715,250614.953125
3716,135719.765625
3717,157151.984375
3718,234941.234375
3719,167557.8125
3720,136510.890625
3721,162338.78125
3722,224804.5
3723,165681.84375
3724,183324.71875
3725,126437.8984375
3726,175633.484375
3727,149372.40625
3728,184658.046875
3729,137078.75
3730,196040.828125
3731,108691.84375
3732,171713.640625
3733,155427.21875
3734,184928.984375
3735,159208.484375
3736,225310.125
3737,126676.2734375
3738,166880.515625
3739,127043.8828125
3740,175474.953125
3741,142063.890625
3742,211335.3125
3743,193185.65625
3744,164637.734375
3745,149489.53125
3746,218504.375
3747,284229.9375
3748,147887.546875
3749,155001.671875
3750,236600.8125
3751,184602.234375
3752,206631.546875
3753,178130.75
3754,220289.359375
3755,168658.390625
3756,230923.90625
3757,198452.34375
3758,203036.015625
3759,190767.734375
3760,190500.125
3761,194712.71875
3762,151334.375
3763,158716.859375
3764,126087.6953125
3765,148884.265625
3766,229300.140625
3767,223664.140625
3768,144957.25
3769,119882.4140625
3770,124347.1171875
3771,178352.796875
3772,182776.828125
3773,144160.578125
3774,194603.90625
3775,151856.703125
3776,285260.0625
3777,165486.171875
3778,130745.546875
3779,216295.421875
3780,126100.6875
3781,224600.65625
3782,111143.125
3783,165339.09375
3784,108621.4296875
3785,286650.15625
3786,149453.296875
3787,229872.125
3788,137628.03125
3789,197783.140625
3790,153022.796875
3791,135795.96875
3792,164552.1875
3793,147748.203125
3794,177698.3125
3795,149926.78125
3796,158706.78125
3797,149355.015625
3798,197719.21875
3799,132495.265625
3800,261524.828125
3801,176617.171875
3802,120257.546875
3803,240361.28125
3804,174666.34375
3805,160841.03125
3806,221794.90625
3807,131575.21875
3808,128344.609375
3809,195811.53125
3810,196491.3125
3811,171001.015625
3812,157975.515625
3813,154212.25
3814,128272.828125
3815,123428.1015625
3816,136323.59375
3817,175112.1875
3818,135539.359375
3819,108922.6328125
3820,177733.421875
3821,167982.15625
3822,94672.25
3823,151742.703125
3824,157030.421875
3825,155249.90625
3826,195338.359375
3827,152714.609375
3828,147013.859375
3829,217445.75
3830,171220.125
3831,142652.859375
3832,130841.5390625
3833,177335.640625
3834,219014.59375
3835,240626.9375
3836,169295.5625
3837,155945.53125
3838,161635.546875
3839,150587.4375
3840,153531.734375
3841,207695.40625
3842,146948.078125
3843,129316.375
3844,139864.75
3845,263558.8125
3846,117406.296875
3847,183982.765625
3848,194858.765625
3849,159167.296875
3850,158604.265625
3851,115661.40625
3852,177124.453125
3853,135145.5625
3854,158775.96875
3855,210428.65625
3856,146158.171875
3857,161050.375
3858,181695.875
3859,230530.953125
3860,220427.84375
3861,177043.203125
3862,173418.390625
3863,131098.140625
3864,105265.921875
3865,160817.125
3866,243093.703125
3867,254310.375
3868,97496.3515625
3869,230114.796875
3870,145162.5
3871,185834.453125
3872,221580.671875
3873,188345.078125
3874,216180.609375
3875,147430.796875
3876,201260.03125
3877,165927.625
3878,188353.09375
3879,108248.1484375
3880,159695.71875
3881,157109.03125
3882,195093.640625
3883,204494
3884,165780.4375
3885,122957.0234375
3886,170298.328125
3887,191047.921875
3888,195617.625
3889,146922.21875
3890,188221.265625
3891,202532.453125
3892,119925.0625
3893,167242.71875
3894,232143.234375
3895,207867.828125
3896,153391.171875
3897,150099.203125
3898,194332.109375
3899,128626.5390625
3900,137830.171875
3901,182433.09375
3902,228243.34375
3903,179907.953125
3904,158821.859375
3905,129699.734375
3906,167544.09375
3907,120820.59375
3908,193050.1875
3909,158491.5625
3910,157831.859375
3911,201553.515625
3912,184767.96875
3913,125839.1328125
3914,109503.1640625
3915,134248.484375
3916,149726.71875
3917,148158.59375
3918,240179.3125
3919,202107
3920,233293.75
3921,144247.390625
3922,164575.703125
3923,120209.484375
3924,182961.515625
3925,93303.2578125
3926,155643.15625
3927,160330.421875
3928,190265.984375
3929,149874.5625
3930,117982.5859375
3931,135648.984375
3932,173889.84375
3933,235093.984375
3934,293374.59375
3935,190071.109375
3936,123501.5
3937,135999.625
3938,202680.40625
3939,190073.546875
3940,190955.296875
3941,149600.625
3942,160684.078125
3943,154173.875
3944,105881.625
3945,140119.6875
3946,206183.390625
3947,188530.1875
3948,200297.3125
3949,155259.296875
3950,164876.9375
3951,204730.46875
3952,193699.5625
3953,175693.75
3954,148298.125
3955,177852.4375
3956,153599.3125
3957,229039.796875
3958,228418.4375
3959,196883.296875
3960,127953.2734375
3961,203130.53125
3962,173348.140625
3963,180452.296875
3964,134084.421875
3965,160536.734375
3966,184521.96875
3967,185981.53125
3968,187682.609375
3969,162586.84375
3970,128924.1953125
3971,166515.28125
3972,128219.2578125
3973,166290.765625
3974,165023.03125
3975,184269.8125
3976,182213.40625
3977,163620.734375
3978,256432.875
3979,206776.421875
3980,173447.703125
3981,174551.28125
3982,178531.125
3983,140064.75
3984,255877.046875
3985,114322.9140625
3986,159643.828125
3987,246460.609375
3988,145407.5
3989,180436.90625
3990,163350.34375
3991,204728.171875
3992,255563
3993,179087.71875
3994,164651.484375
3995,243613.484375
3996,188687.328125
3997,165990.984375
3998,144256.71875
3999,153250.296875
4000,184198.75
4001,171965.15625
4002,150811.046875
4003,229628.671875
4004,256514.484375
4005,214357.5625
4006,148489.578125
4007,190745.34375
4008,210038.109375
4009,175542.84375
4010,144724.640625
4011,180048.78125
4012,163625.859375
4013,159354.015625
4014,119781.0546875
4015,160801.671875
4016,185085.03125
4017,126451.3828125
4018,147698.03125
4019,169264.34375
4020,173001.375
4021,128860.96875
4022,161479.90625
4023,216752.953125
4024,277693.65625
4025,192163.46875
4026,167788.6875
4027,270968.75
4028,270547.4375
4029,207384.828125
4030,146353.1875
4031,179638.4375
4032,220428.828125
4033,248617.875
4034,112823.3046875
4035,123157.6953125
4036,150167.5625
4037,146127.734375
4038,164354.578125
4039,247121.390625
4040,143764.171875
4041,195989.765625
4042,154334.78125
4043,168629.96875
4044,176619.90625
4045,138949.28125
4046,141374.0625
4047,176832.3125
4048,177459.46875
4049,149204.046875
4050,154865.375
4051,171872.203125
4052,176835.78125
4053,126349.421875
4054,207053.6875
4055,184529.3125
4056,152227.3125
4057,156939.015625
4058,206697.953125
4059,222376.28125
4060,210131.984375
4061,145949.953125
4062,95535.4375
4063,246335.078125
4064,126948.59375
4065,200097.09375
4066,137073.796875
4067,137496.1875
4068,136173.921875
4069,175041.515625
4070,130886.7421875
4071,209876.640625
4072,142379.40625
4073,125673.375
4074,245787.4375
4075,220371.421875
4076,217299.375
4077,186848.03125
4078,213015.25
4079,242112.03125
4080,179404.421875
4081,153639.640625
4082,129337.640625
4083,143213.625
4084,114477.9296875
4085,288080.15625
4086,180590.03125
4087,166734.078125
4088,208018.015625
4089,146688.96875
4090,150468.25
4091,227148.484375
4092,152377.21875
4093,120026.09375
4094,139009.453125
4095,217406.515625
4096,183457.484375
4097,106064.3125
4098,176648.796875
4099,164941.328125
4100,231620.609375
4101,155555.859375
4102,230605.875
4103,162724.46875
4104,175966.296875
4105,149547.921875
4106,171606.25
4107,151574.25
4108,174414.0625
4109,126933.9609375
4110,149486.296875
4111,200197.078125
4112,195270.75
4113,220155.921875
4114,132065.359375
4115,112852.5390625
4116,133791.953125
4117,204937.03125
4118,157033.671875
4119,166774.296875
4120,241102.96875
4121,164832.75
4122,155565.046875
4123,179141.84375
4124,146886.734375
4125,117879.890625
4126,122481.328125
4127,169341.734375
4128,225527.96875
4129,139895.0625
4130,90413.515625
4131,129427.4765625
4132,160734.046875
4133,180225.65625
4134,113796.453125
4135,138394.734375
4136,172499.40625
4137,174037.078125
4138,115598.2578125
4139,104170.015625
4140,131018.3515625
4141,191290.828125
4142,190501.75
4143,180447.265625
4144,156329.453125
4145,149050.015625
4146,184954.875
4147,147629.375
4148,190162.375
4149,163460.40625
4150,220005.96875
4151,169828.90625
4152,150269.046875
4153,191155.078125
4154,197937.0625
4155,242788.265625
4156,158567.875
4157,165662.640625
4158,134022.03125
4159,237774.203125
4160,209807.75
4161,228766.515625
4162,223490.75
4163,165555.53125
4164,108564.65625
4165,130593.4140625
4166,265030.625
4167,214855.15625
4168,140385.53125
4169,178258.75
4170,169183.703125
4171,167518.875
4172,143949.640625
4173,148262.15625
4174,166654.390625
4175,191380.1875
4176,204260.375
4177,157680.6875
4178,258938.296875
4179,174509.78125
4180,138075.5625
4181,131760.609375
4182,128959.3984375
4183,128902.390625
4184,161638.625
4185,197206.734375
4186,147503.6875
4187,159468.40625
4188,231759.609375
4189,124681.6953125
4190,127814.125
4191,146750
4192,188673.078125
4193,160655.875
4194,177627.21875
4195,189022.875
4196,164514
4197,148646.09375
4198,215104.234375
4199,304953.75
4200,190448.984375
4201,183327.953125
4202,161644.28125
4203,210680.859375
4204,173539.140625
4205,125689.171875
4206,129139.6484375
4207,196710.015625
4208,147919.46875
4209,172544.203125
4210,161926.921875
4211,170628.0625
4212,148762.171875
4213,136881.78125
4214,235896.71875
4215,183557.25
4216,161962.296875
4217,202977.9375
4218,176351.84375
4219,166679.84375
4220,208513.328125
4221,127171.828125
4222,233843.765625
4223,189622.96875
4224,159843.96875
4225,137134.75
4226,200288.234375
4227,218537.28125
4228,211454.59375
4229,190701.421875
4230,103935.2734375
4231,120737.4609375
4232,179854.09375
4233,147492.84375
4234,191946.296875
4235,157702.90625
4236,140621.40625
4237,199075.84375
4238,226895.546875
4239,145768.5
4240,238401.484375
4241,193891.78125
4242,257929.28125
4243,313034.65625
4244,262785.59375
4245,123944.7109375
4246,194342.984375
4247,130924.2578125
4248,116043.28125
4249,249049
4250,182994.28125
4251,219431.109375
4252,141319.484375
4253,226399.03125
4254,141235.109375
4255,180414.40625
4256,144365.546875
4257,149682.453125
4258,118014.4453125
4259,116614.4375
4260,119885.1484375
4261,186589.3125
4262,167755.703125
4263,136591.75
4264,147402.09375
4265,165496.96875
4266,192590.03125
4267,148545.71875
4268,120594.703125
4269,139788.03125
4270,223166.3125
4271,210114.515625
4272,148016.21875
4273,232939.671875
4274,240872.125
4275,176480.09375
4276,169213.984375
4277,136909.671875
4278,162301.890625
4279,203198.171875
4280,121139.90625
4281,180562.734375
4282,185464.453125
4283,217295.390625
4284,208887.421875
4285,149348.796875
4286,151652.625
4287,113729.328125
4288,142613.625
4289,111130.9296875
4290,187018.1875
4291,155688.859375
4292,223728.828125
4293,267902.625
4294,132203.953125
4295,142505.09375
4296,183986.890625
4297,285837.15625
4298,138164.015625
4299,237511.921875
4300,333916.75
4301,166844.859375
4302,177118.375
4303,165886.703125
4304,128002.3515625
4305,284906.46875
4306,260811.828125
4307,134640.625
4308,154741.921875
4309,138756.3125
4310,100625.09375
4311,169490.40625
4312,164651.90625
4313,127248.5390625
4314,203989.53125
4315,268717.4375
4316,146403.265625
4317,105175.46875
4318,248063.015625
4319,107203.9453125
4320,198790.609375
4321,179817.296875
4322,224045.765625
4323,144234.0625
4324,174988.234375
4325,104921.765625
4326,125740.3046875
4327,207490.984375
4328,178660.5625
4329,146949.984375
4330,155525.9375
4331,184467.859375
4332,150825.625
4333,136424.375
4334,154453.578125
4335,137222.21875
4336,127461.3828125
4337,175124.6875
4338,135997.328125
4339,211928.921875
4340,159666.40625
4341,154904
4342,202276.390625
4343,158302.15625
4344,134428.0625
4345,143381.78125
4346,134095.09375
4347,164219.75
4348,127141.4140625
4349,171248.921875
4350,137800.296875
4351,245354.6875
4352,132680.953125
4353,169677.71875
4354,128561.1796875
4355,136674.734375
4356,157077.375
4357,179976.390625
4358,197798.046875
4359,149417.671875
4360,134410.921875
4361,131502.109375
4362,159715.53125
4363,122709.53125
4364,236783.3125
4365,154698.703125
4366,152984.3125
4367,131059.890625
4368,184204.546875
4369,164002.109375
4370,147758.09375
4371,158641.46875
4372,154711.4375
4373,182769.40625
4374,161460.5
4375,139965.703125
4376,139366.796875
4377,185233.421875
4378,238096.015625
4379,121566.7265625
4380,149564.234375
4381,134360.609375
4382,153551.40625
4383,144874.265625
4384,258692.546875
4385,166548.046875
4386,141799.09375
4387,170153
4388,233444.171875
4389,178270.25
4390,126587.7109375
4391,153424.890625
4392,201114.28125
4393,189448.890625
4394,224210.75
4395,182928.5
4396,117208.328125
4397,116884.7734375
4398,160914.3125
4399,162388.46875
4400,198961.40625
4401,220176.484375
4402,245134.28125
4403,158475.734375
4404,203465.796875
4405,130983.5703125
4406,206446.59375
4407,185232.828125
4408,179277.78125
4409,263352.5
4410,141885.46875
4411,137922.09375
4412,137085.15625
4413,159135.0625
4414,221590.0625
4415,211957.109375
4416,156443.390625
4417,181996.390625
4418,197961.90625
4419,299121.9375
4420,177537.875
4421,135665.578125
4422,180636.703125
4423,101735.3203125
4424,172199
4425,169510.296875
4426,134883.921875
4427,181014.234375
4428,120325.5078125
4429,167121.90625
4430,159723.875
4431,219409.875
4432,117073.0859375
4433,137441.40625
4434,130684.5234375
4435,176813.015625
4436,159714.359375
4437,200185.84375
4438,173535.671875
4439,250344.578125
4440,229235.5
4441,249028.609375
4442,218572.171875
4443,160080.6875
4444,180709.703125
4445,122164.796875
4446,117857.0234375
4447,180734.078125
4448,116109.4375
4449,147273.375
4450,147182.015625
4451,151219.53125
4452,178081.53125
4453,118026.0859375
4454,163217.5
4455,134863.734375
4456,190667.140625
4457,161342.796875
4458,134136.546875
4459,139699
4460,223076.375
4461,185138.8125
4462,217949.234375
4463,120330.0390625
4464,202078.53125
4465,158475.171875
4466,259618.8125
4467,160559.5625
4468,260107.640625
4469,185311.578125
4470,231853.234375
4471,213406.234375
4472,186579.578125
4473,174108.921875
4474,145892.265625
4475,221177.71875
4476,125521.5625
4477,272155.25
4478,159028.546875
4479,131299.90625
4480,154580.609375
4481,194913.671875
4482,225184.046875
4483,162151.375
4484,115190.234375
4485,160798.6875
4486,141742.59375
4487,154697.875
4488,171621.375
4489,166316.515625
4490,191518.328125
4491,195218.796875
4492,140493.78125
4493,112613.890625
4494,157603.34375
4495,133674.765625
4496,133820.390625
4497,164553.421875
4498,139342.375
4499,148651.78125
4500,287310.375
4501,157891.78125
4502,132490.625
4503,203359.953125
4504,172462.484375
4505,118768.2890625
4506,184113.3125
4507,230190.640625
4508,196536
4509,123479.578125
4510,194897.265625
4511,166595.234375
4512,138920.0625
4513,174292.8125
4514,130774.359375
4515,153574.875
4516,170554.234375
4517,341320.46875
4518,173037
4519,163752.71875
4520,127774.8125
4521,150676.96875
4522,142652.078125
4523,180135.734375
4524,135848.6875
4525,221733.09375
4526,184149.78125
4527,243908.703125
4528,106374.9375
4529,136014.28125
4530,198337.140625
4531,181791.8125
4532,182780.953125
4533,156886.84375
4534,175015.71875
4535,167225.59375
4536,146729.171875
4537,150351.6875
4538,152249.203125
4539,123606.0078125
4540,149937.5625
4541,177581.03125
4542,161783.1875
4543,161578.203125
4544,154196.671875
4545,248620.46875
4546,189811.265625
4547,196931.96875
4548,160775.984375
4549,143874.671875
4550,145857.84375
4551,166531.078125
4552,215559.671875
4553,173432.515625
4554,142571.734375
4555,122551.2734375
4556,182341.296875
4557,174416.90625
4558,161935.71875
4559,181930.53125
4560,143368.1875
4561,156273.8125
4562,142239.25
4563,166874.75
4564,133149.875
4565,194693.984375
4566,162108.234375
4567,185124.921875
4568,181147.046875
4569,188074.421875
4570,134886.5
4571,248358.46875
4572,220964.671875
4573,162692.90625
4574,149697.265625
4575,178049.3125
4576,162629.546875
4577,152185.328125
4578,193666.84375
4579,197154.359375
4580,187351.890625
4581,148607.453125
4582,138026.609375
4583,226341.96875
4584,114548.546875
4585,147347.546875
4586,115185.4921875
4587,161330.890625
4588,220932.796875
4589,149494.015625
4590,145170.125
4591,128860.4609375
4592,212583.546875
4593,128597.9765625
4594,153112.1875
4595,136979.890625
4596,129566.0859375
4597,167034.875
4598,146419.15625
4599,96219.9140625
4600,184170.890625
4601,201985.25
4602,155638.3125
4603,137298.8125
4604,138903.640625
4605,202114.6875
4606,173593.328125
4607,135712.265625
4608,161599.703125
4609,188748.078125
4610,177720.671875
4611,182750.265625
4612,212240.359375
4613,205711.34375
4614,154452.59375
4615,193708.9375
4616,222568.890625
4617,198389.953125
4618,142698.828125
4619,164308.28125
4620,192832.265625
4621,160191.296875
4622,187721.78125
4623,143273.484375
4624,127625.75
4625,163427.46875
4626,115778.2421875
4627,150867.296875
4628,154279.3125
4629,204160.46875
4630,121409.6640625
4631,192839.3125
4632,194642.703125
4633,179164.890625
4634,167032.6875
4635,157537.421875
4636,184884.359375
4637,142708.375
4638,136568.9375
4639,164748.421875
4640,170095.625
4641,154736.6875
4642,183444.296875
4643,110459.03125
4644,114996.4609375
4645,170689.640625
4646,263565.46875
4647,209008.296875
4648,107024.1640625
4649,224382
4650,150320.484375
4651,139148.4375
4652,118629.921875
4653,179303.78125
4654,149225.53125
4655,135659.359375
4656,114808.703125
4657,204169.59375
4658,145979.890625
4659,172989.234375
4660,204208.40625
4661,131073.03125
4662,137564.765625
4663,167304.390625
4664,200948.453125
4665,170801.3125
4666,173576.15625
4667,182970.5625
4668,161078.34375
4669,134101.53125
4670,144420.15625
4671,156001.265625
4672,196163.328125
4673,97999.6640625
4674,191900.875
4675,123717.53125
4676,227044.84375
4677,132014
4678,185017.078125
4679,168971.4375
4680,291290.9375
4681,115303.609375
4682,187825.25
4683,166336.578125
4684,162222.015625
4685,216337.59375
4686,131854.859375
4687,224240.625
4688,198899.671875
4689,167851.03125
4690,168684.71875
4691,287849.75
4692,186212.625
4693,176001.5
4694,208302.578125
4695,157286.09375
4696,207501.4375
4697,154361.640625
4698,156224.359375
4699,185382.71875
4700,139597.171875
4701,160736.890625
4702,155909.0625
4703,162304.78125
4704,187929.890625
4705,106419.2734375
4706,111998.1875
4707,176354.78125
4708,150821.359375
4709,136417.609375
4710,155968.203125
4711,135204.5
4712,151737.625
4713,170757.28125
4714,170154.96875
4715,130460.890625
4716,154089.1875
4717,119371.1171875
4718,121790.0390625
4719,143984.0625
4720,233097.015625
4721,160326.421875
4722,159231.3125
4723,142755.390625
4724,189840.703125
4725,180914.375
4726,125580.3671875
4727,164084.5625
4728,137926.90625
4729,153668.296875
4730,139991.765625
4731,145211.1875
4732,232825.140625
4733,147476.953125
4734,165361
4735,157043.46875
4736,179618.0625
4737,144619.609375
4738,158462.265625
4739,125159.4765625
4740,277862.5
4741,155378.484375
4742,125060.3046875
4743,266288.84375
4744,164914.59375
4745,149826.53125
4746,135484.3125
4747,196185.171875
4748,132589.75
4749,166469.5
4750,181917.25
4751,143063.765625
4752,164893.390625
4753,182989.1875
4754,142447.96875
4755,151488.9375
4756,167577.421875
4757,233531.125
4758,149154.890625
4759,156506.078125
4760,122484.7734375
4761,154298.9375
4762,147090.6875
4763,248634.515625
4764,156673.796875
4765,167105.96875
4766,199269.09375
4767,173528.796875
4768,198844.71875
4769,168253.203125
4770,162645.703125
4771,182423.40625
4772,143432.484375
4773,144064.203125
4774,153438.703125
4775,148627.328125
4776,133283.15625
4777,196660.5
4778,200800.140625
4779,184065.421875
4780,165132.359375
4781,136912.96875
4782,192407.15625
4783,276426.125
4784,154932.109375
4785,109409.1640625
4786,227928.109375
4787,149219.078125
4788,157294.640625
4789,168550.75
4790,140301.21875
4791,118105.4140625
4792,167868.65625
4793,176746.5625
4794,123247.875
4795,200103.90625
4796,126025.5234375
4797,221840.875
4798,128284.0703125
4799,144215.625
4800,148531.0625
4801,148525.171875
4802,148291.609375
4803,147142.734375
4804,177851.265625
4805,206828.25
4806,171320.296875
4807,149910.90625
4808,185117.15625
4809,155696.3125
4810,145721.21875
4811,136045.734375
4812,157639.71875
4813,217871.46875
4814,153476.640625
4815,154370.265625
4816,150847.046875
4817,210948.359375
4818,243709.390625
4819,163952.09375
4820,183564.46875
4821,224373.703125
4822,137725.15625
4823,171701.046875
4824,123613.734375
4825,179328.046875
4826,163829.828125
4827,168602.71875
4828,172132.328125
4829,184169.890625
4830,132932.109375
4831,153900.140625
4832,175420.640625
4833,148793.1875
4834,121169.7265625
4835,169670.375
4836,136850.265625
4837,156324.078125
4838,138386.671875
4839,173629.5
4840,258212.515625
4841,184464.96875
4842,161628.453125
4843,142183.90625
4844,231556.125
4845,180395.390625
4846,188417.96875
4847,181540.046875
4848,166455.75
4849,185649.140625
4850,159179.046875
4851,184937.578125
4852,173933.203125
4853,171949.421875
4854,185691.578125
4855,157303.515625
4856,199590.59375
4857,151164.953125
4858,254585.484375
4859,154220.34375
4860,125418.7734375
4861,173887
4862,152217.703125
4863,197008.125
4864,124964.125
4865,161656.71875
4866,188961.46875
4867,157982.375
4868,207284.890625
4869,118237.46875
4870,174171.546875
4871,167645.109375
4872,202519.34375
4873,141804.578125
4874,142276.328125
4875,108386.15625
4876,149536.0625
4877,196753.96875
4878,129280.0390625
4879,122898.625
4880,168670.15625
4881,130697.4375
4882,141455.09375
4883,184245.21875
4884,200881.734375
4885,183116.203125
4886,129162.8828125
4887,188924.828125
4888,193889.890625
4889,153577.09375
4890,173068.3125
4891,184309.921875
4892,179733.359375
4893,151446.359375
4894,172509.28125
4895,152425.109375
4896,148359.890625
4897,144538.84375
4898,203324.515625
4899,175575.875
4900,164582.03125
4901,174130.5625
4902,171146.625
4903,151321.78125
4904,219184
4905,219301.234375
4906,202960.1875
4907,187408.25
4908,193566.984375
4909,153405.703125
4910,211544.359375
4911,120201.265625
4912,156163.640625
4913,172053.921875
4914,133956.1875
4915,241713.296875
4916,213405.625
4917,176305.78125
4918,215475.03125
4919,159803.40625
4920,121828.0625
4921,221893.765625
4922,180625.515625
4923,142845.03125
4924,110836.8984375
4925,178250.921875
4926,200067.921875
4927,183896.828125
4928,229524.234375
4929,164861.3125
4930,131153.171875
4931,153574.65625
4932,117463.828125
4933,199222.953125
4934,320524.15625
4935,209036.21875
4936,143445.453125
4937,194560.375
4938,171331.421875
4939,128091.1953125
4940,187013.296875
4941,163442.9375
4942,130642.359375
4943,105059.3203125
4944,202995.84375
4945,207411.3125
4946,141070.984375
4947,109744.484375
4948,268822.46875
4949,193113.84375
4950,154493.71875
4951,202865.671875
4952,155021.84375
4953,212977.453125
4954,142421.484375
4955,156250.515625
4956,136627.578125
4957,194250.046875
4958,158983.484375
4959,120555.296875
4960,193362.359375
4961,189425.6875
4962,213963.71875
4963,245667.921875
4964,185301.546875
4965,202150.796875
4966,174486.453125
4967,191803.328125
4968,201943.640625
4969,182026.28125
4970,152872.3125
4971,139548.078125
4972,166552.890625
4973,118957.7734375
4974,157816.96875
4975,119343.390625
4976,174728.0625
4977,98807.953125
4978,165212.375
4979,141259.53125
4980,187469.734375
4981,165773.234375
4982,163845.671875
4983,196462.71875
4984,203023.15625
4985,126162.359375
4986,96973.75
4987,186870.796875
4988,104686.4140625
4989,132426.265625
4990,145975.046875
4991,158512.875
4992,148125.484375
4993,191187.390625
4994,199398.828125
4995,296399.59375
4996,229662.234375
4997,203336.359375
